Store,Date,Weekly_Sales,Holiday_Flag,Temperature,Fuel_Price,CPI,Unemployment
10,05-02-2010,2193048.75,0,54.34,2.962,126.4420645,9.765
10,12-02-2010,2176028.52,1,49.96,2.828,126.4962581,9.765
10,19-02-2010,2113432.58,0,58.22,2.915,126.5262857,9.765
10,26-02-2010,2006774.96,0,52.77,2.825,126.5522857,9.765
10,05-03-2010,1987090.09,0,55.92,2.877,126.5782857,9.765
10,12-03-2010,1941346.13,0,52.33,3.034,126.6042857,9.765
10,19-03-2010,1946875.06,0,61.46,3.054,126.6066452,9.765
10,26-03-2010,1893532.46,0,60.05,2.98,126.6050645,9.765
10,02-04-2010,2138651.97,0,63.66,3.086,126.6034839,9.524
10,09-04-2010,2041069.37,0,65.29,3.004,126.6019032,9.524
10,16-04-2010,1826241.44,0,69.74,3.109,126.5621,9.524
10,23-04-2010,1829521.83,0,66.42,3.05,126.4713333,9.524
10,30-04-2010,1790694.59,0,69.76,3.105,126.3805667,9.524
10,07-05-2010,1921432.16,0,71.06,3.127,126.2898,9.524
10,14-05-2010,1808056.41,0,73.88,3.145,126.2085484,9.524
10,21-05-2010,1847613.58,0,78.32,3.12,126.1843871,9.524
10,28-05-2010,1904618.17,0,76.67,3.058,126.1602258,9.524
10,04-06-2010,1931406.28,0,82.82,2.941,126.1360645,9.524
10,11-06-2010,1827521.71,0,89.67,3.057,126.1119032,9.524
10,18-06-2010,1837636.24,0,83.49,2.935,126.114,9.524
10,25-06-2010,1768172.31,0,90.32,3.084,126.1266,9.524
10,02-07-2010,1845893.87,0,92.89,2.978,126.1392,9.199
10,09-07-2010,1769793.37,0,91.03,3.1,126.1518,9.199
10,16-07-2010,1828052.47,0,91.8,2.971,126.1498065,9.199
10,23-07-2010,1831676.03,0,88.44,3.112,126.1283548,9.199
10,30-07-2010,1832664.03,0,85.03,3.017,126.1069032,9.199
10,06-08-2010,1949236.09,0,86.13,3.123,126.0854516,9.199
10,13-08-2010,1962996.7,0,88.37,3.049,126.064,9.199
10,20-08-2010,1983190.56,0,89.88,3.041,126.0766452,9.199
10,27-08-2010,1727565.42,0,84.99,3.022,126.0892903,9.199
10,03-09-2010,1766331.45,0,83.8,3.087,126.1019355,9.199
10,10-09-2010,1720530.23,1,84.04,2.961,126.1145806,9.199
10,17-09-2010,1716755.78,0,85.52,3.028,126.1454667,9.199
10,24-09-2010,1655036.75,0,85.75,2.939,126.1900333,9.199
10,01-10-2010,1645892.97,0,86.01,3.001,126.2346,9.003
10,08-10-2010,1772192.42,0,77.04,2.924,126.2791667,9.003
10,15-10-2010,1703850.25,0,75.48,3.08,126.3266774,9.003
10,22-10-2010,1740234.06,0,68.12,3.014,126.3815484,9.003
10,29-10-2010,1741308.56,0,68.76,3.13,126.4364194,9.003
10,05-11-2010,1832211.96,0,71.04,3.009,126.4912903,9.003
10,12-11-2010,1895901.59,0,61.24,3.13,126.5461613,9.003
10,19-11-2010,1949177.13,0,58.83,3.047,126.6072,9.003
10,26-11-2010,2939946.38,1,55.33,3.162,126.6692667,9.003
10,03-12-2010,2251206.64,0,51.17,3.041,126.7313333,9.003
10,10-12-2010,2411790.21,0,60.51,3.091,126.7934,9.003
10,17-12-2010,2811646.85,0,59.15,3.125,126.8794839,9.003
10,24-12-2010,3749057.69,0,57.06,3.236,126.9835806,9.003
10,31-12-2010,1707298.14,1,49.67,3.148,127.0876774,9.003
10,07-01-2011,1714309.9,0,43.43,3.287,127.1917742,8.744
10,14-01-2011,1710803.59,0,49.98,3.312,127.3009355,8.744
10,21-01-2011,1677556.18,0,56.75,3.336,127.4404839,8.744
10,28-01-2011,1715769.05,0,53.03,3.231,127.5800323,8.744
10,04-02-2011,1968045.91,0,44.88,3.348,127.7195806,8.744
10,11-02-2011,2115408.31,1,51.51,3.381,127.859129,8.744
10,18-02-2011,2106934.55,0,61.77,3.43,127.99525,8.744
10,25-02-2011,1967996.71,0,53.59,3.398,128.13,8.744
10,04-03-2011,1958003.19,0,56.96,3.674,128.26475,8.744
10,11-03-2011,1933469.15,0,64.22,3.63,128.3995,8.744
10,18-03-2011,1884734.31,0,70.12,3.892,128.5121935,8.744
10,25-03-2011,1815798.85,0,62.53,3.716,128.6160645,8.744
10,01-04-2011,1827733.18,0,67.64,3.772,128.7199355,8.494
10,08-04-2011,1870720.73,0,73.03,3.818,128.8238065,8.494
10,15-04-2011,1781767.22,0,61.05,4.089,128.9107333,8.494
10,22-04-2011,2004831.14,0,75.93,3.917,128.9553,8.494
10,29-04-2011,1873646.34,0,73.38,4.151,128.9998667,8.494
10,06-05-2011,1841369.99,0,73.56,4.193,129.0444333,8.494
10,13-05-2011,1712995.44,0,74.04,4.202,129.089,8.494
10,20-05-2011,1720908.01,0,72.62,3.99,129.0756774,8.494
10,27-05-2011,1743000.38,0,78.62,3.933,129.0623548,8.494
10,03-06-2011,1792210.89,0,81.87,3.893,129.0490323,8.494
10,10-06-2011,1740063.1,0,84.57,3.981,129.0357097,8.494
10,17-06-2011,1817934.76,0,87.96,3.935,129.0432,8.494
10,24-06-2011,1711813.13,0,90.69,3.807,129.0663,8.494
10,01-07-2011,1751369.75,0,95.36,3.842,129.0894,8.257
10,08-07-2011,1699708.38,0,88.57,3.793,129.1125,8.257
10,15-07-2011,1775068.4,0,86.01,3.779,129.1338387,8.257
10,22-07-2011,1774342.61,0,88.59,3.697,129.1507742,8.257
10,29-07-2011,1745841.33,0,86.75,3.694,129.1677097,8.257
10,05-08-2011,1886299.98,0,89.8,3.803,129.1846452,8.257
10,12-08-2011,1917397.63,0,85.61,3.794,129.2015806,8.257
10,19-08-2011,1954849.68,0,87.4,3.743,129.2405806,8.257
10,26-08-2011,1728399.07,0,91.59,3.663,129.2832581,8.257
10,02-09-2011,1758587.35,0,91.61,3.798,129.3259355,8.257
10,09-09-2011,1670579.82,1,89.06,3.771,129.3686129,8.257
10,16-09-2011,1650894.3,0,77.49,3.784,129.4306,8.257
10,23-09-2011,1685910.53,0,82.51,3.789,129.5183333,8.257
10,30-09-2011,1627707.31,0,82.27,3.877,129.6060667,8.257
10,07-10-2011,1788227.6,0,75.01,3.827,129.6938,7.874
10,14-10-2011,1704753.02,0,70.27,3.698,129.7706452,7.874
10,21-10-2011,1745928.56,0,77.91,3.842,129.7821613,7.874
10,28-10-2011,1771792.97,0,72.79,3.843,129.7936774,7.874
10,04-11-2011,1904438.59,0,68.57,3.828,129.8051935,7.874
10,11-11-2011,2076570.84,0,55.28,3.677,129.8167097,7.874
10,18-11-2011,1869087.85,0,58.97,3.669,129.8268333,7.874
10,25-11-2011,2950198.64,1,60.68,3.76,129.8364,7.874
10,02-12-2011,2068097.18,0,57.29,3.701,129.8459667,7.874
10,09-12-2011,2429310.9,0,42.58,3.644,129.8555333,7.874
10,16-12-2011,2555031.18,0,50.53,3.489,129.8980645,7.874
10,23-12-2011,3487986.89,0,48.36,3.541,129.9845484,7.874
10,30-12-2011,1930690.37,1,48.92,3.428,130.0710323,7.874
10,06-01-2012,1683401.78,0,59.85,3.443,130.1575161,7.545
10,13-01-2012,1711562.73,0,51.0,3.477,130.244,7.545
10,20-01-2012,1675562.94,0,54.51,3.66,130.2792258,7.545
10,27-01-2012,1632406.0,0,53.59,3.675,130.3144516,7.545
10,03-02-2012,1867403.01,0,56.85,3.543,130.3496774,7.545
10,10-02-2012,2218595.8,1,55.73,3.722,130.3849032,7.545
10,17-02-2012,2168709.76,0,54.12,3.781,130.4546207,7.545
10,24-02-2012,2039415.74,0,56.02,3.95,130.5502069,7.545
10,02-03-2012,1990371.02,0,57.62,3.882,130.6457931,7.545
10,09-03-2012,1917483.1,0,57.65,3.963,130.7413793,7.545
10,16-03-2012,1930814.66,0,62.11,4.273,130.8261935,7.545
10,23-03-2012,1837457.69,0,56.54,4.288,130.8966452,7.545
10,30-03-2012,1815760.42,0,67.92,4.294,130.9670968,7.545
10,06-04-2012,2163384.17,0,65.99,4.282,131.0375484,7.382
10,13-04-2012,1974687.51,0,70.28,4.254,131.108,7.382
10,20-04-2012,1777166.53,0,67.75,4.111,131.1173333,7.382
10,27-04-2012,1712987.56,0,80.11,4.088,131.1266667,7.382
10,04-05-2012,1821364.42,0,77.02,4.058,131.136,7.382
10,11-05-2012,1792345.3,0,76.03,4.186,131.1453333,7.382
10,18-05-2012,1795152.73,0,85.19,4.308,131.0983226,7.382
10,25-05-2012,1830939.1,0,86.03,4.127,131.0287742,7.382
10,01-06-2012,1767471.48,0,80.06,4.277,130.9592258,7.382
10,08-06-2012,1840491.41,0,86.87,4.103,130.8896774,7.382
10,15-06-2012,1811562.88,0,88.58,4.144,130.8295333,7.382
10,22-06-2012,1755334.18,0,89.92,4.014,130.7929,7.382
10,29-06-2012,1707481.9,0,91.36,3.875,130.7562667,7.382
10,06-07-2012,1805999.79,0,86.87,3.666,130.7196333,7.17
10,13-07-2012,1765571.91,0,89.8,3.723,130.683,7.17
10,20-07-2012,1869967.03,0,84.45,3.589,130.7012903,7.17
10,27-07-2012,1817603.66,0,83.98,3.769,130.7195806,7.17
10,03-08-2012,1939440.09,0,84.76,3.595,130.737871,7.17
10,10-08-2012,1880436.94,0,90.78,3.811,130.7561613,7.17
10,17-08-2012,1827797.4,0,88.83,4.002,130.7909677,7.17
10,24-08-2012,1764984.15,0,82.5,4.055,130.8381613,7.17
10,31-08-2012,1650285.54,0,86.97,3.886,130.8853548,7.17
10,07-09-2012,1708283.28,1,83.07,4.124,130.9325484,7.17
10,14-09-2012,1640168.99,0,78.47,3.966,130.9776667,7.17
10,21-09-2012,1671857.57,0,81.93,4.125,131.0103333,7.17
10,28-09-2012,1694862.41,0,82.52,3.966,131.043,7.17
10,05-10-2012,1758971.38,0,80.88,4.132,131.0756667,6.943
10,12-10-2012,1713889.11,0,76.03,4.468,131.1083333,6.943
10,19-10-2012,1734834.82,0,72.71,4.449,131.1499677,6.943
10,26-10-2012,1744349.05,0,70.5,4.301,131.1930968,6.943
11,05-02-2010,1528008.64,0,46.04,2.572,214.4248812,7.368
11,12-02-2010,1574684.08,1,48.01,2.548,214.5747916,7.368
11,19-02-2010,1503298.7,0,48.3,2.514,214.6198868,7.368
11,26-02-2010,1336404.65,0,52.79,2.561,214.6475127,7.368
11,05-03-2010,1426622.65,0,53.96,2.625,214.6751386,7.368
11,12-03-2010,1331883.16,0,64.1,2.667,214.7027646,7.368
11,19-03-2010,1364207.0,0,61.51,2.72,214.5301219,7.368
11,26-03-2010,1245624.27,0,58.09,2.732,214.3241011,7.368
11,02-04-2010,1446210.26,0,66.16,2.719,214.1180803,7.343
11,09-04-2010,1470308.32,0,69.57,2.77,213.9120595,7.343
11,16-04-2010,1323243.35,0,67.81,2.808,213.7726889,7.343
11,23-04-2010,1283766.55,0,68.37,2.795,213.7221852,7.343
11,30-04-2010,1239766.89,0,71.13,2.78,213.6716815,7.343
11,07-05-2010,1312329.78,0,75.57,2.835,213.6211778,7.343
11,14-05-2010,1266796.13,0,77.64,2.854,213.6196139,7.343
11,21-05-2010,1271646.62,0,76.97,2.826,213.9116886,7.343
11,28-05-2010,1264272.52,0,79.69,2.759,214.2037634,7.343
11,04-06-2010,1396322.19,0,79.66,2.705,214.4958382,7.343
11,11-06-2010,1339570.85,0,82.81,2.668,214.787913,7.343
11,18-06-2010,1336522.92,0,84.13,2.637,214.7858259,7.343
11,25-06-2010,1262025.08,0,84.5,2.653,214.6660741,7.343
11,02-07-2010,1302600.14,0,83.09,2.669,214.5463222,7.346
11,09-07-2010,1280156.47,0,83.01,2.642,214.4265704,7.346
11,16-07-2010,1290609.54,0,84.9,2.623,214.4176476,7.346
11,23-07-2010,1244390.03,0,84.57,2.608,214.5564968,7.346
11,30-07-2010,1250178.89,0,83.26,2.64,214.695346,7.346
11,06-08-2010,1369634.92,0,86.54,2.627,214.8341952,7.346
11,13-08-2010,1384339.1,0,87.73,2.692,214.9730444,7.346
11,20-08-2010,1430192.37,0,88.93,2.664,214.9314191,7.346
11,27-08-2010,1311263.07,0,87.7,2.619,214.8897938,7.346
11,03-09-2010,1303914.27,0,84.94,2.577,214.8481685,7.346
11,10-09-2010,1231428.46,1,81.93,2.565,214.8065431,7.346
11,17-09-2010,1215676.31,0,83.04,2.582,214.8322484,7.346
11,24-09-2010,1170103.25,0,77.36,2.624,214.9084516,7.346
11,01-10-2010,1182490.46,0,75.11,2.603,214.9846548,7.564
11,08-10-2010,1293472.8,0,68.71,2.633,215.060858,7.564
11,15-10-2010,1175003.67,0,71.46,2.72,215.1293114,7.564
11,22-10-2010,1169831.38,0,72.6,2.725,215.17839,7.564
11,29-10-2010,1195036.0,0,74.21,2.716,215.2274686,7.564
11,05-11-2010,1332759.13,0,64.41,2.689,215.2765472,7.564
11,12-11-2010,1281675.6,0,63.74,2.728,215.3256258,7.564
11,19-11-2010,1292346.57,0,58.63,2.771,215.2074519,7.564
11,26-11-2010,1757242.51,1,69.9,2.735,215.0614025,7.564
11,03-12-2010,1380522.64,0,55.9,2.708,214.9153531,7.564
11,10-12-2010,1564516.43,0,53.33,2.843,214.7693037,7.564
11,17-12-2010,1843971.15,0,54.63,2.869,214.704919,7.564
11,24-12-2010,2306265.36,0,59.33,2.886,214.7017828,7.564
11,31-12-2010,1172003.1,1,55.03,2.943,214.6986466,7.564
11,07-01-2011,1178905.44,0,54.43,2.976,214.6955104,7.551
11,14-01-2011,1194449.78,0,45.34,2.983,214.7470729,7.551
11,21-01-2011,1187776.19,0,51.51,3.016,215.1268275,7.551
11,28-01-2011,1100418.69,0,51.04,3.01,215.5065821,7.551
11,04-02-2011,1422546.05,0,47.17,2.989,215.8863367,7.551
11,11-02-2011,1419236.9,1,44.61,3.022,216.2660913,7.551
11,18-02-2011,1554747.15,0,61.5,3.045,216.5843571,7.551
11,25-02-2011,1323999.36,0,68.74,3.065,216.8780275,7.551
11,04-03-2011,1399456.99,0,66.5,3.288,217.1716979,7.551
11,11-03-2011,1314557.31,0,63.29,3.459,217.4653683,7.551
11,18-03-2011,1391813.69,0,70.17,3.488,217.7235226,7.551
11,25-03-2011,1229777.24,0,73.74,3.473,217.9674705,7.551
11,01-04-2011,1258674.12,0,69.1,3.524,218.2114184,7.574
11,08-04-2011,1327401.06,0,73.57,3.622,218.4553663,7.574
11,15-04-2011,1312905.8,0,76.64,3.743,218.6788642,7.574
11,22-04-2011,1388118.53,0,78.31,3.807,218.851237,7.574
11,29-04-2011,1357589.89,0,79.97,3.81,219.0236099,7.574
11,06-05-2011,1331453.41,0,71.39,3.906,219.1959827,7.574
11,13-05-2011,1277959.42,0,80.93,3.899,219.3683556,7.574
11,20-05-2011,1239466.97,0,76.97,3.907,219.127216,7.574
11,27-05-2011,1216876.52,0,85.61,3.786,218.8860765,7.574
11,03-06-2011,1343637.0,0,86.14,3.699,218.6449369,7.574
11,10-06-2011,1314626.75,0,85.79,3.648,218.4037974,7.574
11,17-06-2011,1337506.74,0,87.9,3.637,218.3551748,7.574
11,24-06-2011,1254587.84,0,86.13,3.594,218.45094,7.574
11,01-07-2011,1297472.06,0,86.43,3.524,218.5467052,7.567
11,08-07-2011,1334627.96,0,87.17,3.48,218.6424704,7.567
11,15-07-2011,1266546.73,0,88.3,3.575,218.7275216,7.567
11,22-07-2011,1290576.44,0,87.8,3.651,218.7857881,7.567
11,29-07-2011,1212938.67,0,89.46,3.682,218.8440545,7.567
11,05-08-2011,1403198.94,0,90.04,3.684,218.9023209,7.567
11,12-08-2011,1354188.43,0,90.3,3.638,218.9605873,7.567
11,19-08-2011,1484169.74,0,89.51,3.554,219.023271,7.567
11,26-08-2011,1304706.75,0,89.09,3.523,219.0866908,7.567
11,02-09-2011,1297792.41,0,91.44,3.533,219.1501106,7.567
11,09-09-2011,1249439.95,1,84.91,3.546,219.2135305,7.567
11,16-09-2011,1270816.01,0,85.11,3.526,219.3972867,7.567
11,23-09-2011,1235775.15,0,82.14,3.467,219.7414914,7.567
11,30-09-2011,1190515.83,0,84.4,3.355,220.085696,7.567
11,07-10-2011,1346271.06,0,76.97,3.285,220.4299007,7.197
11,14-10-2011,1286388.96,0,75.56,3.274,220.7486167,7.197
11,21-10-2011,1325107.53,0,70.91,3.353,220.9144005,7.197
11,28-10-2011,1310684.1,0,72.66,3.372,221.0801842,7.197
11,04-11-2011,1458287.38,0,61.13,3.332,221.245968,7.197
11,11-11-2011,1366053.69,0,64.2,3.297,221.4117517,7.197
11,18-11-2011,1315091.63,0,66.17,3.308,221.6432852,7.197
11,25-11-2011,1848953.48,1,70.03,3.236,221.9011185,7.197
11,02-12-2011,1399322.44,0,56.89,3.172,222.1589519,7.197
11,09-12-2011,1646655.94,0,50.63,3.158,222.4167852,7.197
11,16-12-2011,1783910.06,0,59.69,3.159,222.6426418,7.197
11,23-12-2011,2213518.5,0,54.29,3.112,222.8258628,7.197
11,30-12-2011,1352084.21,1,48.86,3.129,223.0090839,7.197
11,06-01-2012,1283885.55,0,54.44,3.157,223.1923049,6.833
11,13-01-2012,1264736.59,0,53.1,3.261,223.3755259,6.833
11,20-01-2012,1207303.29,0,56.43,3.268,223.4700552,6.833
11,27-01-2012,1162675.85,0,58.36,3.29,223.5645845,6.833
11,03-02-2012,1376732.18,0,60.24,3.36,223.6591137,6.833
11,10-02-2012,1574287.76,1,52.23,3.409,223.753643,6.833
11,17-02-2012,1569607.94,0,52.77,3.51,223.9170153,6.833
11,24-02-2012,1379473.03,0,61.11,3.555,224.1320199,6.833
11,02-03-2012,1438383.44,0,62.61,3.63,224.3470245,6.833
11,09-03-2012,1413382.76,0,61.44,3.669,224.5620291,6.833
11,16-03-2012,1441884.28,0,64.21,3.734,224.7166953,6.833
11,23-03-2012,1300593.61,0,67.16,3.787,224.7909104,6.833
11,30-03-2012,1300104.03,0,70.23,3.845,224.8651254,6.833
11,06-04-2012,1596325.01,0,74.19,3.891,224.9393405,6.664
11,13-04-2012,1472752.01,0,72.74,3.891,225.0135556,6.664
11,20-04-2012,1315356.99,0,71.97,3.877,225.0689541,6.664
11,27-04-2012,1236238.29,0,73.4,3.814,225.1243526,6.664
11,04-05-2012,1370251.22,0,79.07,3.749,225.1797511,6.664
11,11-05-2012,1300147.07,0,75.13,3.688,225.2351496,6.664
11,18-05-2012,1352442.31,0,72.53,3.63,225.2512024,6.664
11,25-05-2012,1297335.87,0,78.44,3.561,225.2515168,6.664
11,01-06-2012,1361595.33,0,81.67,3.501,225.2518313,6.664
11,08-06-2012,1414343.53,0,82.1,3.452,225.2521458,6.664
11,15-06-2012,1417875.42,0,84.97,3.393,225.2644795,6.664
11,22-06-2012,1355680.3,0,83.26,3.346,225.3068615,6.664
11,29-06-2012,1297028.6,0,87.86,3.286,225.3492435,6.664
11,06-07-2012,1461129.94,0,83.44,3.227,225.3916254,6.334
11,13-07-2012,1320239.51,0,82.46,3.256,225.4340074,6.334
11,20-07-2012,1344483.81,0,82.41,3.311,225.4438827,6.334
11,27-07-2012,1272395.02,0,85.43,3.407,225.4537579,6.334
11,03-08-2012,1399341.07,0,86.94,3.417,225.4636332,6.334
11,10-08-2012,1388973.65,0,86.21,3.494,225.4735085,6.334
11,17-08-2012,1421307.2,0,87.73,3.571,225.5558664,6.334
11,24-08-2012,1409515.73,0,83.17,3.62,225.6925864,6.334
11,31-08-2012,1372872.35,0,86.49,3.638,225.8293063,6.334
11,07-09-2012,1304584.4,1,85.17,3.73,225.9660263,6.334
11,14-09-2012,1267675.05,0,79.61,3.717,226.1122067,6.334
11,21-09-2012,1326132.98,0,73.64,3.721,226.3151496,6.334
11,28-09-2012,1227430.73,0,77.67,3.666,226.5180926,6.334
11,05-10-2012,1422794.26,0,73.37,3.617,226.7210356,6.034
11,12-10-2012,1311965.09,0,69.94,3.601,226.9239785,6.034
11,19-10-2012,1232073.18,0,73.77,3.594,226.9688442,6.034
11,26-10-2012,1200729.45,0,74.26,3.506,226.9873637,6.034
12,05-02-2010,1100046.37,0,49.47,2.962,126.4420645,13.975
12,12-02-2010,1117863.33,1,47.87,2.946,126.4962581,13.975
12,19-02-2010,1095421.65,0,54.83,2.915,126.5262857,13.975
12,26-02-2010,1048617.17,0,50.23,2.825,126.5522857,13.975
12,05-03-2010,1077018.27,0,53.77,2.987,126.5782857,13.975
12,12-03-2010,985594.23,0,50.11,2.925,126.6042857,13.975
12,19-03-2010,972088.34,0,59.57,3.054,126.6066452,13.975
12,26-03-2010,981615.81,0,60.06,3.083,126.6050645,13.975
12,02-04-2010,1011822.3,0,59.84,3.086,126.6034839,14.099
12,09-04-2010,1041238.87,0,59.25,3.09,126.6019032,14.099
12,16-04-2010,957997.52,0,64.95,3.109,126.5621,14.099
12,23-04-2010,993833.44,0,64.55,3.05,126.4713333,14.099
12,30-04-2010,954220.22,0,67.38,3.105,126.3805667,14.099
12,07-05-2010,1043240.27,0,70.15,3.127,126.2898,14.099
12,14-05-2010,966054.97,0,68.44,3.145,126.2085484,14.099
12,21-05-2010,958374.56,0,76.2,3.12,126.1843871,14.099
12,28-05-2010,955451.16,0,67.84,3.058,126.1602258,14.099
12,04-06-2010,1049357.36,0,81.39,2.941,126.1360645,14.099
12,11-06-2010,1016039.71,0,90.84,2.949,126.1119032,14.099
12,18-06-2010,956211.2,0,81.06,3.043,126.114,14.099
12,25-06-2010,958007.69,0,87.27,3.084,126.1266,14.099
12,02-07-2010,951957.31,0,91.98,3.105,126.1392,14.18
12,09-07-2010,943506.28,0,90.37,3.1,126.1518,14.18
12,16-07-2010,916402.76,0,97.18,3.094,126.1498065,14.18
12,23-07-2010,912403.67,0,99.22,3.112,126.1283548,14.18
12,30-07-2010,913548.25,0,96.31,3.017,126.1069032,14.18
12,06-08-2010,967576.95,0,92.95,3.123,126.0854516,14.18
12,13-08-2010,928264.4,0,87.01,3.159,126.064,14.18
12,20-08-2010,948447.34,0,92.81,3.041,126.0766452,14.18
12,27-08-2010,1004516.46,0,93.19,3.129,126.0892903,14.18
12,03-09-2010,1075758.55,0,83.12,3.087,126.1019355,14.18
12,10-09-2010,903119.03,1,83.63,3.044,126.1145806,14.18
12,17-09-2010,852882.61,0,82.45,3.028,126.1454667,14.18
12,24-09-2010,851919.34,0,81.77,2.939,126.1900333,14.18
12,01-10-2010,850936.26,0,85.2,3.001,126.2346,14.313
12,08-10-2010,918335.68,0,71.82,3.013,126.2791667,14.313
12,15-10-2010,862419.84,0,75.0,2.976,126.3266774,14.313
12,22-10-2010,857883.46,0,68.85,3.014,126.3815484,14.313
12,29-10-2010,955294.7,0,61.09,3.016,126.4364194,14.313
12,05-11-2010,929690.71,0,65.49,3.129,126.4912903,14.313
12,12-11-2010,942475.24,0,57.79,3.13,126.5461613,14.313
12,19-11-2010,894493.7,0,58.18,3.161,126.6072,14.313
12,26-11-2010,1601377.41,1,47.66,3.162,126.6692667,14.313
12,03-12-2010,1069533.17,0,43.33,3.041,126.7313333,14.313
12,10-12-2010,1121934.15,0,50.01,3.203,126.7934,14.313
12,17-12-2010,1295605.35,0,52.77,3.236,126.8794839,14.313
12,24-12-2010,1768249.89,0,52.02,3.236,126.9835806,14.313
12,31-12-2010,891736.91,1,45.64,3.148,127.0876774,14.313
12,07-01-2011,910110.24,0,37.64,3.287,127.1917742,14.021
12,14-01-2011,812011.8,0,43.15,3.312,127.3009355,14.021
12,21-01-2011,802105.5,0,53.53,3.223,127.4404839,14.021
12,28-01-2011,873119.06,0,50.74,3.342,127.5800323,14.021
12,04-02-2011,1046068.17,0,45.14,3.348,127.7195806,14.021
12,11-02-2011,1086421.57,1,51.3,3.381,127.859129,14.021
12,18-02-2011,1128485.1,0,53.35,3.43,127.99525,14.021
12,25-02-2011,1046203.72,0,48.45,3.53,128.13,14.021
12,04-03-2011,1085248.21,0,51.72,3.674,128.26475,14.021
12,11-03-2011,997672.62,0,57.75,3.818,128.3995,14.021
12,18-03-2011,1009502.01,0,64.21,3.692,128.5121935,14.021
12,25-03-2011,954107.32,0,54.4,3.909,128.6160645,14.021
12,01-04-2011,1005463.49,0,63.63,3.772,128.7199355,13.736
12,08-04-2011,998362.05,0,64.47,4.003,128.8238065,13.736
12,15-04-2011,990951.77,0,57.63,3.868,128.9107333,13.736
12,22-04-2011,1016019.47,0,72.12,4.134,128.9553,13.736
12,29-04-2011,994966.1,0,68.27,4.151,128.9998667,13.736
12,06-05-2011,1021154.48,0,68.4,4.193,129.0444333,13.736
12,13-05-2011,977033.5,0,70.93,4.202,129.089,13.736
12,20-05-2011,924134.99,0,66.59,4.169,129.0756774,13.736
12,27-05-2011,964332.51,0,76.67,4.087,129.0623548,13.736
12,03-06-2011,970328.68,0,71.81,4.031,129.0490323,13.736
12,10-06-2011,996937.95,0,78.72,3.981,129.0357097,13.736
12,17-06-2011,986504.93,0,86.84,3.935,129.0432,13.736
12,24-06-2011,997282.75,0,88.95,3.898,129.0663,13.736
12,01-07-2011,961993.34,0,89.85,3.842,129.0894,13.503
12,08-07-2011,943717.38,0,89.9,3.705,129.1125,13.503
12,15-07-2011,936001.98,0,88.1,3.692,129.1338387,13.503
12,22-07-2011,922231.92,0,91.17,3.794,129.1507742,13.503
12,29-07-2011,890547.07,0,93.29,3.805,129.1677097,13.503
12,05-08-2011,988712.52,0,90.61,3.803,129.1846452,13.503
12,12-08-2011,955913.68,0,91.04,3.701,129.2015806,13.503
12,19-08-2011,966817.24,0,91.74,3.743,129.2405806,13.503
12,26-08-2011,1017593.47,0,94.61,3.74,129.2832581,13.503
12,02-09-2011,1052051.45,0,93.66,3.798,129.3259355,13.503
12,09-09-2011,922850.57,1,88.0,3.913,129.3686129,13.503
12,16-09-2011,889290.23,0,76.36,3.918,129.4306,13.503
12,23-09-2011,871692.74,0,82.95,3.789,129.5183333,13.503
12,30-09-2011,866401.45,0,83.26,3.877,129.6060667,13.503
12,07-10-2011,951244.66,0,70.44,3.827,129.6938,12.89
12,14-10-2011,927600.01,0,67.31,3.805,129.7706452,12.89
12,21-10-2011,938604.58,0,73.05,3.842,129.7821613,12.89
12,28-10-2011,990926.38,0,67.41,3.727,129.7936774,12.89
12,04-11-2011,1051944.79,0,59.77,3.828,129.8051935,12.89
12,11-11-2011,1095091.53,0,48.76,3.824,129.8167097,12.89
12,18-11-2011,970641.34,0,54.2,3.813,129.8268333,12.89
12,25-11-2011,1591920.42,1,53.25,3.622,129.8364,12.89
12,02-12-2011,1071383.1,0,52.5,3.701,129.8459667,12.89
12,09-12-2011,1189646.45,0,42.17,3.644,129.8555333,12.89
12,16-12-2011,1293404.18,0,43.29,3.6,129.8980645,12.89
12,23-12-2011,1617612.03,0,45.4,3.541,129.9845484,12.89
12,30-12-2011,1111638.07,1,44.64,3.428,130.0710323,12.89
12,06-01-2012,945823.65,0,50.43,3.599,130.1575161,12.187
12,13-01-2012,865467.86,0,48.07,3.657,130.244,12.187
12,20-01-2012,855922.64,0,46.2,3.66,130.2792258,12.187
12,27-01-2012,888203.69,0,50.43,3.675,130.3144516,12.187
12,03-02-2012,1058767.95,0,50.58,3.702,130.3496774,12.187
12,10-02-2012,1199330.85,1,52.27,3.722,130.3849032,12.187
12,17-02-2012,1240048.85,0,51.8,3.781,130.4546207,12.187
12,24-02-2012,1112034.72,0,53.13,3.95,130.5502069,12.187
12,02-03-2012,1147636.96,0,52.27,4.178,130.6457931,12.187
12,09-03-2012,1113208.57,0,54.54,4.25,130.7413793,12.187
12,16-03-2012,1088498.52,0,64.44,4.273,130.8261935,12.187
12,23-03-2012,1045419.87,0,56.26,4.038,130.8966452,12.187
12,30-03-2012,1025382.22,0,64.36,4.294,130.9670968,12.187
12,06-04-2012,1128765.71,0,64.05,4.121,131.0375484,11.627
12,13-04-2012,1083811.19,0,64.28,4.254,131.108,11.627
12,20-04-2012,1006486.96,0,66.73,4.222,131.1173333,11.627
12,27-04-2012,1004252.38,0,77.99,4.193,131.1266667,11.627
12,04-05-2012,1073433.69,0,76.03,4.171,131.136,11.627
12,11-05-2012,1041995.22,0,77.27,4.186,131.1453333,11.627
12,18-05-2012,1020486.05,0,84.51,4.11,131.0983226,11.627
12,25-05-2012,991514.21,0,83.84,4.293,131.0287742,11.627
12,01-06-2012,981345.2,0,78.11,4.277,130.9592258,11.627
12,08-06-2012,1086231.47,0,84.83,4.103,130.8896774,11.627
12,15-06-2012,1019555.51,0,85.94,4.144,130.8295333,11.627
12,22-06-2012,981386.25,0,91.61,4.014,130.7929,11.627
12,29-06-2012,943124.74,0,90.47,3.875,130.7562667,11.627
12,06-07-2012,1014898.78,0,89.13,3.765,130.7196333,10.926
12,13-07-2012,960312.75,0,95.61,3.723,130.683,10.926
12,20-07-2012,941550.34,0,85.53,3.726,130.7012903,10.926
12,27-07-2012,916967.92,0,93.47,3.769,130.7195806,10.926
12,03-08-2012,958667.23,0,88.16,3.76,130.737871,10.926
12,10-08-2012,984689.9,0,95.91,3.811,130.7561613,10.926
12,17-08-2012,1005003.12,0,94.87,4.002,130.7909677,10.926
12,24-08-2012,1048101.39,0,85.32,4.055,130.8381613,10.926
12,31-08-2012,1061943.49,0,89.78,4.093,130.8853548,10.926
12,07-09-2012,955146.04,1,88.52,4.124,130.9325484,10.926
12,14-09-2012,885892.37,0,83.64,4.133,130.9776667,10.926
12,21-09-2012,922735.37,0,82.97,4.125,131.0103333,10.926
12,28-09-2012,880415.67,0,81.22,3.966,131.043,10.926
12,05-10-2012,979825.92,0,81.61,3.966,131.0756667,10.199
12,12-10-2012,934917.47,0,71.74,4.468,131.1083333,10.199
12,19-10-2012,960945.43,0,68.66,4.449,131.1499677,10.199
12,26-10-2012,974697.6,0,65.95,4.301,131.1930968,10.199
13,05-02-2010,1967220.53,0,31.53,2.666,126.4420645,8.316
13,12-02-2010,2030933.46,1,33.16,2.671,126.4962581,8.316
13,19-02-2010,1970274.64,0,35.7,2.654,126.5262857,8.316
13,26-02-2010,1817850.32,0,29.98,2.667,126.5522857,8.316
13,05-03-2010,1939980.43,0,40.65,2.681,126.5782857,8.316
13,12-03-2010,1840686.94,0,37.62,2.733,126.6042857,8.316
13,19-03-2010,1879794.89,0,42.49,2.782,126.6066452,8.316
13,26-03-2010,1882095.98,0,41.48,2.819,126.6050645,8.316
13,02-04-2010,2142482.14,0,42.15,2.842,126.6034839,8.107
13,09-04-2010,1898321.33,0,38.97,2.877,126.6019032,8.107
13,16-04-2010,1819660.44,0,50.39,2.915,126.5621,8.107
13,23-04-2010,1909330.77,0,55.66,2.936,126.4713333,8.107
13,30-04-2010,1785823.37,0,48.33,2.941,126.3805667,8.107
13,07-05-2010,2005478.46,0,44.42,2.948,126.2898,8.107
13,14-05-2010,1890273.44,0,50.15,2.962,126.2085484,8.107
13,21-05-2010,1853657.6,0,57.71,2.95,126.1843871,8.107
13,28-05-2010,1877358.86,0,53.11,2.908,126.1602258,8.107
13,04-06-2010,2022705.22,0,59.85,2.871,126.1360645,8.107
13,11-06-2010,2037880.96,0,65.24,2.841,126.1119032,8.107
13,18-06-2010,2003435.31,0,58.41,2.819,126.114,8.107
13,25-06-2010,1970340.25,0,71.83,2.82,126.1266,8.107
13,02-07-2010,2018314.71,0,78.82,2.814,126.1392,7.951
13,09-07-2010,1870843.9,0,71.33,2.802,126.1518,7.951
13,16-07-2010,1932231.05,0,77.79,2.791,126.1498065,7.951
13,23-07-2010,1907351.2,0,82.27,2.797,126.1283548,7.951
13,30-07-2010,1817887.23,0,78.94,2.797,126.1069032,7.951
13,06-08-2010,1969121.45,0,81.24,2.802,126.0854516,7.951
13,13-08-2010,1877592.55,0,74.93,2.837,126.064,7.951
13,20-08-2010,1997397.63,0,76.34,2.85,126.0766452,7.951
13,27-08-2010,1908278.27,0,75.31,2.854,126.0892903,7.951
13,03-09-2010,1911852.58,0,65.71,2.868,126.1019355,7.951
13,10-09-2010,1772143.94,1,65.74,2.87,126.1145806,7.951
13,17-09-2010,1790279.74,0,66.84,2.875,126.1454667,7.951
13,24-09-2010,1705655.09,0,68.22,2.872,126.1900333,7.951
13,01-10-2010,1765584.48,0,68.74,2.853,126.2346,7.795
13,08-10-2010,1871924.07,0,63.03,2.841,126.2791667,7.795
13,15-10-2010,1851431.06,0,54.12,2.845,126.3266774,7.795
13,22-10-2010,1796949.59,0,56.89,2.849,126.3815484,7.795
13,29-10-2010,1887895.07,0,45.12,2.841,126.4364194,7.795
13,05-11-2010,1854967.66,0,49.96,2.831,126.4912903,7.795
13,12-11-2010,1939964.63,0,42.55,2.831,126.5461613,7.795
13,19-11-2010,1925393.91,0,42.0,2.842,126.6072,7.795
13,26-11-2010,2766400.05,1,28.22,2.83,126.6692667,7.795
13,03-12-2010,2083379.89,0,25.8,2.812,126.7313333,7.795
13,10-12-2010,2461468.35,0,36.78,2.817,126.7934,7.795
13,17-12-2010,2771646.81,0,35.21,2.842,126.8794839,7.795
13,24-12-2010,3595903.2,0,34.9,2.846,126.9835806,7.795
13,31-12-2010,1675292.0,1,26.79,2.868,127.0876774,7.795
13,07-01-2011,1744544.39,0,16.94,2.891,127.1917742,7.47
13,14-01-2011,1682316.31,0,20.6,2.903,127.3009355,7.47
13,21-01-2011,1770177.37,0,34.8,2.934,127.4404839,7.47
13,28-01-2011,1633663.12,0,31.64,2.96,127.5800323,7.47
13,04-02-2011,1848186.58,0,23.35,2.974,127.7195806,7.47
13,11-02-2011,1944438.9,1,30.83,3.034,127.859129,7.47
13,18-02-2011,2003480.59,0,40.85,3.062,127.99525,7.47
13,25-02-2011,1831933.95,0,33.17,3.12,128.13,7.47
13,04-03-2011,1894960.68,0,34.23,3.23,128.26475,7.47
13,11-03-2011,1852432.58,0,41.28,3.346,128.3995,7.47
13,18-03-2011,1852443.78,0,44.69,3.407,128.5121935,7.47
13,25-03-2011,1807545.43,0,42.38,3.435,128.6160645,7.47
13,01-04-2011,1864238.64,0,42.49,3.487,128.7199355,7.193
13,08-04-2011,1887465.04,0,42.75,3.547,128.8238065,7.193
13,15-04-2011,1950994.04,0,41.72,3.616,128.9107333,7.193
13,22-04-2011,2124316.34,0,47.55,3.655,128.9553,7.193
13,29-04-2011,1895583.12,0,43.85,3.683,128.9998667,7.193
13,06-05-2011,1986380.4,0,47.75,3.744,129.0444333,7.193
13,13-05-2011,1958823.56,0,52.4,3.77,129.089,7.193
13,20-05-2011,1860923.55,0,52.12,3.802,129.0756774,7.193
13,27-05-2011,1866369.93,0,54.62,3.778,129.0623548,7.193
13,03-06-2011,1935593.87,0,52.76,3.752,129.0490323,7.193
13,10-06-2011,1997816.98,0,61.39,3.732,129.0357097,7.193
13,17-06-2011,2086433.49,0,63.35,3.704,129.0432,7.193
13,24-06-2011,2009163.08,0,66.38,3.668,129.0663,7.193
13,01-07-2011,2048035.74,0,74.29,3.613,129.0894,6.877
13,08-07-2011,2021699.38,0,77.3,3.563,129.1125,6.877
13,15-07-2011,1956813.31,0,75.59,3.553,129.1338387,6.877
13,22-07-2011,1987089.36,0,78.5,3.563,129.1507742,6.877
13,29-07-2011,1880785.69,0,77.62,3.574,129.1677097,6.877
13,05-08-2011,2076231.8,0,75.56,3.595,129.1846452,6.877
13,12-08-2011,1970341.38,0,75.95,3.606,129.2015806,6.877
13,19-08-2011,2090340.98,0,76.68,3.578,129.2405806,6.877
13,26-08-2011,2035244.54,0,81.53,3.57,129.2832581,6.877
13,02-09-2011,1953628.82,0,77.0,3.58,129.3259355,6.877
13,09-09-2011,1872921.31,1,70.19,3.619,129.3686129,6.877
13,16-09-2011,1923223.82,0,67.54,3.641,129.4306,6.877
13,23-09-2011,1847430.96,0,63.6,3.648,129.5183333,6.877
13,30-09-2011,1835662.69,0,68.28,3.623,129.6060667,6.877
13,07-10-2011,2067232.56,0,60.62,3.592,129.6938,6.392
13,14-10-2011,1929659.07,0,51.74,3.567,129.7706452,6.392
13,21-10-2011,1973544.27,0,54.66,3.579,129.7821613,6.392
13,28-10-2011,1948733.81,0,47.41,3.567,129.7936774,6.392
13,04-11-2011,2036317.54,0,43.51,3.538,129.8051935,6.392
13,11-11-2011,2111592.09,0,33.8,3.513,129.8167097,6.392
13,18-11-2011,2016323.51,0,40.65,3.489,129.8268333,6.392
13,25-11-2011,2864170.61,1,38.89,3.445,129.8364,6.392
13,02-12-2011,2051315.66,0,33.94,3.389,129.8459667,6.392
13,09-12-2011,2462779.06,0,24.82,3.341,129.8555333,6.392
13,16-12-2011,2760346.71,0,27.85,3.282,129.8980645,6.392
13,23-12-2011,3556766.03,0,24.76,3.186,129.9845484,6.392
13,30-12-2011,1969056.91,1,31.53,3.119,130.0710323,6.392
13,06-01-2012,1865752.78,0,33.8,3.08,130.1575161,6.104
13,13-01-2012,1794962.64,0,25.61,3.056,130.244,6.104
13,20-01-2012,1811606.21,0,32.71,3.047,130.2792258,6.104
13,27-01-2012,1733983.09,0,34.32,3.058,130.3144516,6.104
13,03-02-2012,1927780.74,0,31.39,3.077,130.3496774,6.104
13,10-02-2012,2069284.57,1,33.73,3.116,130.3849032,6.104
13,17-02-2012,2214477.06,0,36.57,3.119,130.4546207,6.104
13,24-02-2012,1929768.03,0,35.38,3.145,130.5502069,6.104
13,02-03-2012,1969742.76,0,32.36,3.242,130.6457931,6.104
13,09-03-2012,1986445.65,0,38.24,3.38,130.7413793,6.104
13,16-03-2012,2025582.62,0,52.5,3.529,130.8261935,6.104
13,23-03-2012,1904421.74,0,47.83,3.671,130.8966452,6.104
13,30-03-2012,1948982.7,0,53.2,3.734,130.9670968,6.104
13,06-04-2012,2271614.76,0,48.85,3.793,131.0375484,5.965
13,13-04-2012,2057637.86,0,51.7,3.833,131.108,5.965
13,20-04-2012,1955689.12,0,50.24,3.845,131.1173333,5.965
13,27-04-2012,1970121.65,0,64.8,3.842,131.1266667,5.965
13,04-05-2012,1995994.51,0,54.41,3.831,131.136,5.965
13,11-05-2012,2080764.17,0,56.47,3.809,131.1453333,5.965
13,18-05-2012,2131900.55,0,65.17,3.808,131.0983226,5.965
13,25-05-2012,2043349.41,0,62.39,3.801,131.0287742,5.965
13,01-06-2012,2035431.39,0,61.11,3.788,130.9592258,5.965
13,08-06-2012,2182437.9,0,68.4,3.776,130.8896774,5.965
13,15-06-2012,2152229.11,0,65.97,3.756,130.8295333,5.965
13,22-06-2012,2094373.0,0,72.89,3.737,130.7929,5.965
13,29-06-2012,2037663.71,0,82.0,3.681,130.7562667,5.965
13,06-07-2012,2184980.35,0,79.23,3.63,130.7196333,5.765
13,13-07-2012,2002750.99,0,83.68,3.595,130.683,5.765
13,20-07-2012,2053089.32,0,75.69,3.556,130.7012903,5.765
13,27-07-2012,1914430.53,0,80.42,3.537,130.7195806,5.765
13,03-08-2012,2044148.23,0,81.99,3.512,130.737871,5.765
13,10-08-2012,2041019.92,0,81.69,3.509,130.7561613,5.765
13,17-08-2012,2095769.18,0,79.4,3.545,130.7909677,5.765
13,24-08-2012,2059458.25,0,77.37,3.582,130.8381613,5.765
13,31-08-2012,2073855.42,0,79.18,3.624,130.8853548,5.765
13,07-09-2012,2165796.31,1,70.65,3.689,130.9325484,5.765
13,14-09-2012,1919917.03,0,68.55,3.749,130.9776667,5.765
13,21-09-2012,1938379.66,0,67.96,3.821,131.0103333,5.765
13,28-09-2012,1927664.11,0,64.8,3.821,131.043,5.765
13,05-10-2012,2041918.74,0,61.79,3.815,131.0756667,5.621
13,12-10-2012,1999079.44,0,55.1,3.797,131.1083333,5.621
13,19-10-2012,2018010.15,0,52.06,3.781,131.1499677,5.621
13,26-10-2012,2035189.66,0,46.97,3.755,131.1930968,5.621
14,05-02-2010,2623469.95,0,27.31,2.784,181.8711898,8.992
14,12-02-2010,1704218.84,1,27.73,2.773,181.982317,8.992
14,19-02-2010,2204556.7,0,31.27,2.745,182.0347816,8.992
14,26-02-2010,2095591.63,0,34.89,2.754,182.0774691,8.992
14,05-03-2010,2237544.75,0,37.13,2.777,182.1201566,8.992
14,12-03-2010,2156035.06,0,45.8,2.818,182.1628441,8.992
14,19-03-2010,2066219.3,0,48.79,2.844,182.0779857,8.992
14,26-03-2010,2050396.27,0,54.36,2.854,181.9718697,8.992
14,02-04-2010,2495630.51,0,47.74,2.85,181.8657537,8.899
14,09-04-2010,2258781.28,0,65.45,2.869,181.7596377,8.899
14,16-04-2010,2121788.61,0,54.28,2.899,181.6924769,8.899
14,23-04-2010,2138144.91,0,53.47,2.902,181.6772564,8.899
14,30-04-2010,2082355.12,0,53.15,2.921,181.6620359,8.899
14,07-05-2010,2370116.52,0,70.75,2.966,181.6468154,8.899
14,14-05-2010,2129771.13,0,54.26,2.982,181.6612792,8.899
14,21-05-2010,2108187.1,0,62.62,2.958,181.8538486,8.899
14,28-05-2010,2227152.16,0,69.27,2.899,182.0464181,8.899
14,04-06-2010,2363601.47,0,75.93,2.847,182.2389876,8.899
14,11-06-2010,2249570.04,0,69.71,2.809,182.4315571,8.899
14,18-06-2010,2248645.59,0,72.62,2.78,182.4424199,8.899
14,25-06-2010,2246179.91,0,79.32,2.808,182.3806,8.899
14,02-07-2010,2334788.42,0,76.61,2.815,182.3187801,8.743
14,09-07-2010,2236209.13,0,82.45,2.793,182.2569603,8.743
14,16-07-2010,2130287.27,0,77.84,2.783,182.2604411,8.743
14,23-07-2010,2044155.39,0,81.46,2.771,182.3509895,8.743
14,30-07-2010,2054843.28,0,79.78,2.781,182.4415378,8.743
14,06-08-2010,2219813.5,0,77.17,2.784,182.5320862,8.743
14,13-08-2010,2052984.81,0,78.44,2.805,182.6226346,8.743
14,20-08-2010,2057138.31,0,76.01,2.779,182.6165205,8.743
14,27-08-2010,2020332.07,0,71.36,2.755,182.6104063,8.743
14,03-09-2010,2182563.66,0,78.37,2.715,182.6042922,8.743
14,10-09-2010,2191767.76,1,70.87,2.699,182.598178,8.743
14,17-09-2010,1953539.85,0,66.55,2.706,182.622509,8.743
14,24-09-2010,1879891.13,0,68.59,2.713,182.6696737,8.743
14,01-10-2010,1855703.66,0,70.58,2.707,182.7168385,8.724
14,08-10-2010,2091663.2,0,56.49,2.764,182.7640032,8.724
14,15-10-2010,1932162.63,0,58.61,2.868,182.8106203,8.724
14,22-10-2010,1936621.09,0,53.15,2.917,182.8558685,8.724
14,29-10-2010,1984768.34,0,61.3,2.921,182.9011166,8.724
14,05-11-2010,2078417.47,0,45.65,2.917,182.9463648,8.724
14,12-11-2010,2092189.06,0,46.14,2.931,182.9916129,8.724
14,19-11-2010,1968462.58,0,50.02,3.0,182.8989385,8.724
14,26-11-2010,2921709.71,1,46.15,3.039,182.7832769,8.724
14,03-12-2010,2258489.63,0,40.93,3.046,182.6676154,8.724
14,10-12-2010,2600519.26,0,30.54,3.109,182.5519538,8.724
14,17-12-2010,2762861.41,0,30.51,3.14,182.517732,8.724
14,24-12-2010,3818686.45,0,30.59,3.141,182.54459,8.724
14,31-12-2010,1623716.46,1,29.67,3.179,182.5714479,8.724
14,07-01-2011,1864746.1,0,34.32,3.193,182.5983058,8.549
14,14-01-2011,1699095.9,0,24.78,3.205,182.6585782,8.549
14,21-01-2011,1743188.87,0,30.55,3.229,182.9193368,8.549
14,28-01-2011,1613718.38,0,24.05,3.237,183.1800955,8.549
14,04-02-2011,1995891.87,0,28.73,3.231,183.4408542,8.549
14,11-02-2011,1980405.03,1,30.3,3.239,183.7016129,8.549
14,18-02-2011,2019031.67,0,40.7,3.245,183.9371353,8.549
14,25-02-2011,1875708.88,0,35.78,3.274,184.1625632,8.549
14,04-03-2011,2041215.61,0,38.65,3.433,184.3879911,8.549
14,11-03-2011,1931104.67,0,45.01,3.582,184.613419,8.549
14,18-03-2011,1932491.42,0,46.66,3.631,184.809719,8.549
14,25-03-2011,1879451.23,0,41.76,3.625,184.9943679,8.549
14,01-04-2011,1869110.55,0,37.27,3.638,185.1790167,8.521
14,08-04-2011,2037798.88,0,48.71,3.72,185.3636656,8.521
14,15-04-2011,1974960.86,0,53.69,3.821,185.5339821,8.521
14,22-04-2011,2256461.39,0,53.04,3.892,185.6684673,8.521
14,29-04-2011,1930617.64,0,66.18,3.962,185.8029526,8.521
14,06-05-2011,2095599.93,0,58.21,4.046,185.9374378,8.521
14,13-05-2011,2004330.3,0,60.38,4.066,186.0719231,8.521
14,20-05-2011,1959967.8,0,62.28,4.062,185.9661154,8.521
14,27-05-2011,2080694.24,0,69.7,3.985,185.8603077,8.521
14,03-06-2011,2079899.47,0,76.38,3.922,185.7545,8.521
14,10-06-2011,2132446.0,0,73.88,3.881,185.6486923,8.521
14,17-06-2011,2082083.34,0,69.32,3.842,185.6719333,8.521
14,24-06-2011,2069523.52,0,74.85,3.804,185.7919609,8.521
14,01-07-2011,2074668.19,0,74.04,3.748,185.9119885,8.625
14,08-07-2011,2063401.06,0,77.49,3.711,186.032016,8.625
14,15-07-2011,1953544.76,0,78.47,3.76,186.1399808,8.625
14,22-07-2011,1882070.88,0,82.33,3.811,186.2177885,8.625
14,29-07-2011,1871021.01,0,81.31,3.829,186.2955962,8.625
14,05-08-2011,2066020.69,0,78.22,3.842,186.3734038,8.625
14,12-08-2011,1928773.82,0,77.0,3.812,186.4512115,8.625
14,19-08-2011,1896873.99,0,72.98,3.747,186.5093071,8.625
14,26-08-2011,2273470.62,0,72.55,3.704,186.5641172,8.625
14,02-09-2011,1750891.47,0,70.63,3.703,186.6189274,8.625
14,09-09-2011,2202742.9,1,71.48,3.738,186.6737376,8.625
14,16-09-2011,1864637.89,0,69.17,3.742,186.8024,8.625
14,23-09-2011,1871555.64,0,63.75,3.711,187.0295321,8.625
14,30-09-2011,1809989.29,0,70.66,3.645,187.2566641,8.625
14,07-10-2011,2078796.76,0,55.82,3.583,187.4837962,8.523
14,14-10-2011,1890870.75,0,63.82,3.541,187.6917481,8.523
14,21-10-2011,2009004.59,0,59.6,3.57,187.7846197,8.523
14,28-10-2011,2056846.12,0,51.78,3.569,187.8774913,8.523
14,04-11-2011,2174056.71,0,43.92,3.551,187.9703629,8.523
14,11-11-2011,2081534.65,0,47.65,3.53,188.0632345,8.523
14,18-11-2011,1969360.72,0,51.34,3.53,188.1983654,8.523
14,25-11-2011,2685351.81,1,48.71,3.492,188.3504,8.523
14,02-12-2011,2143080.57,0,50.19,3.452,188.5024346,8.523
14,09-12-2011,2470581.29,0,46.57,3.415,188.6544692,8.523
14,16-12-2011,2594363.09,0,39.93,3.413,188.7979349,8.523
14,23-12-2011,3369068.99,0,42.27,3.389,188.9299752,8.523
14,30-12-2011,1914148.89,1,37.79,3.389,189.0620155,8.523
14,06-01-2012,1859144.96,0,35.88,3.422,189.1940558,8.424
14,13-01-2012,1696248.27,0,41.18,3.513,189.3260962,8.424
14,20-01-2012,1789113.32,0,31.85,3.533,189.4214733,8.424
14,27-01-2012,1595362.27,0,37.93,3.567,189.5168505,8.424
14,03-02-2012,1877410.36,0,42.96,3.617,189.6122277,8.424
14,10-02-2012,2077256.24,1,37.0,3.64,189.7076048,8.424
14,17-02-2012,2020550.99,0,36.85,3.695,189.8424834,8.424
14,24-02-2012,1875040.16,0,42.86,3.739,190.0069881,8.424
14,02-03-2012,1926004.99,0,41.55,3.816,190.1714927,8.424
14,09-03-2012,2020839.31,0,45.52,3.848,190.3359973,8.424
14,16-03-2012,1941040.5,0,50.56,3.862,190.4618964,8.424
14,23-03-2012,1893447.71,0,59.45,3.9,190.5363213,8.424
14,30-03-2012,1905033.01,0,50.04,3.953,190.6107463,8.424
14,06-04-2012,2376022.26,0,49.73,3.996,190.6851712,8.567
14,13-04-2012,1912909.69,0,51.83,4.044,190.7595962,8.567
14,20-04-2012,1875686.44,0,63.13,4.027,190.8138013,8.567
14,27-04-2012,1784029.95,0,53.2,4.004,190.8680064,8.567
14,04-05-2012,1949354.29,0,55.21,3.951,190.9222115,8.567
14,11-05-2012,1987531.05,0,61.24,3.889,190.9764167,8.567
14,18-05-2012,1932233.17,0,66.3,3.848,190.9964479,8.567
14,25-05-2012,2030869.61,0,67.21,3.798,191.0028096,8.567
14,01-06-2012,2049485.49,0,74.48,3.742,191.0091712,8.567
14,08-06-2012,2099615.88,0,64.3,3.689,191.0155329,8.567
14,15-06-2012,1905733.68,0,71.93,3.62,191.0299731,8.567
14,22-06-2012,1660228.88,0,74.22,3.564,191.0646096,8.567
14,29-06-2012,1591835.02,0,75.22,3.506,191.0992462,8.567
14,06-07-2012,1862128.95,0,82.99,3.475,191.1338827,8.684
14,13-07-2012,1544422.35,0,79.97,3.523,191.1685192,8.684
14,20-07-2012,1553250.16,0,78.89,3.567,191.1670428,8.684
14,27-07-2012,1479514.66,0,77.2,3.647,191.1655664,8.684
14,03-08-2012,1656886.46,0,76.58,3.654,191.16409,8.684
14,10-08-2012,1648570.03,0,78.65,3.722,191.1626135,8.684
14,17-08-2012,1660433.3,0,75.71,3.807,191.2284919,8.684
14,24-08-2012,1621841.33,0,72.62,3.834,191.3448865,8.684
14,31-08-2012,1613342.19,0,75.09,3.867,191.461281,8.684
14,07-09-2012,1904512.34,1,75.7,3.911,191.5776756,8.684
14,14-09-2012,1554794.22,0,67.87,3.948,191.69985,8.684
14,21-09-2012,1565352.46,0,65.32,4.038,191.8567038,8.684
14,28-09-2012,1522512.2,0,64.88,3.997,192.0135577,8.684
14,05-10-2012,1687592.16,0,64.89,3.985,192.1704115,8.667
14,12-10-2012,1639585.61,0,54.47,4.0,192.3272654,8.667
14,19-10-2012,1590274.72,0,56.47,3.969,192.3308542,8.667
14,26-10-2012,1704357.62,0,58.85,3.882,192.3088989,8.667
15,05-02-2010,652122.44,0,19.83,2.954,131.5279032,8.35
15,12-02-2010,682447.1,1,22.0,2.94,131.5866129,8.35
15,19-02-2010,660838.75,0,27.54,2.909,131.637,8.35
15,26-02-2010,564883.2,0,29.87,2.91,131.686,8.35
15,05-03-2010,605325.43,0,31.79,2.919,131.735,8.35
15,12-03-2010,604173.59,0,41.39,2.938,131.784,8.35
15,19-03-2010,593710.67,0,44.69,2.96,131.8242903,8.35
15,26-03-2010,592111.49,0,39.53,2.963,131.863129,8.35
15,02-04-2010,718470.71,0,45.27,2.957,131.9019677,8.185
15,09-04-2010,634605.77,0,57.77,2.992,131.9408065,8.185
15,16-04-2010,641208.65,0,49.63,3.01,131.9809,8.185
15,23-04-2010,643097.6,0,46.54,3.021,132.0226667,8.185
15,30-04-2010,570791.11,0,49.09,3.042,132.0644333,8.185
15,07-05-2010,661348.88,0,63.16,3.095,132.1062,8.185
15,14-05-2010,594385.2,0,47.13,3.112,132.152129,8.185
15,21-05-2010,616598.1,0,59.09,3.096,132.2230323,8.185
15,28-05-2010,744772.88,0,70.61,3.046,132.2939355,8.185
15,04-06-2010,693192.5,0,69.99,3.006,132.3648387,8.185
15,11-06-2010,619337.29,0,61.04,2.972,132.4357419,8.185
15,18-06-2010,652329.53,0,65.83,2.942,132.4733333,8.185
15,25-06-2010,672194.03,0,72.79,2.958,132.4976,8.185
15,02-07-2010,709337.11,0,66.13,2.958,132.5218667,8.099
15,09-07-2010,691497.62,0,77.33,2.94,132.5461333,8.099
15,16-07-2010,633203.69,0,72.83,2.933,132.5667742,8.099
15,23-07-2010,598553.43,0,73.2,2.924,132.5825806,8.099
15,30-07-2010,619224.06,0,72.04,2.932,132.5983871,8.099
15,06-08-2010,639651.24,0,72.7,2.942,132.6141935,8.099
15,13-08-2010,622437.08,0,72.17,2.923,132.63,8.099
15,20-08-2010,637090.44,0,71.1,2.913,132.6616129,8.099
15,27-08-2010,649791.15,0,65.07,2.885,132.6932258,8.099
15,03-09-2010,638647.21,0,73.17,2.86,132.7248387,8.099
15,10-09-2010,641965.2,1,62.36,2.837,132.7564516,8.099
15,17-09-2010,583210.87,0,57.94,2.846,132.7670667,8.099
15,24-09-2010,548542.47,0,62.53,2.837,132.7619333,8.099
15,01-10-2010,566945.95,0,59.69,2.84,132.7568,8.067
15,08-10-2010,591603.79,0,52.19,2.903,132.7516667,8.067
15,15-10-2010,577011.26,0,49.96,2.999,132.7633548,8.067
15,22-10-2010,600395.73,0,47.1,3.049,132.8170968,8.067
15,29-10-2010,598301.5,0,55.09,3.055,132.8708387,8.067
15,05-11-2010,612987.64,0,40.29,3.049,132.9245806,8.067
15,12-11-2010,619639.74,0,39.63,3.065,132.9783226,8.067
15,19-11-2010,608200.81,0,44.1,3.138,132.9172,8.067
15,26-11-2010,1120018.92,1,40.71,3.186,132.8369333,8.067
15,03-12-2010,754134.95,0,36.0,3.2,132.7566667,8.067
15,10-12-2010,847294.04,0,23.97,3.255,132.6764,8.067
15,17-12-2010,983825.15,0,25.3,3.301,132.6804516,8.067
15,24-12-2010,1368318.17,0,25.07,3.309,132.7477419,8.067
15,31-12-2010,543754.17,1,26.54,3.336,132.8150323,8.067
15,07-01-2011,509640.77,0,30.53,3.351,132.8823226,7.771
15,14-01-2011,479424.2,0,19.53,3.367,132.9510645,7.771
15,21-01-2011,487311.03,0,21.84,3.391,133.0285161,7.771
15,28-01-2011,481119.6,0,19.61,3.402,133.1059677,7.771
15,04-02-2011,556550.85,0,20.69,3.4,133.1834194,7.771
15,11-02-2011,582864.35,1,21.64,3.416,133.260871,7.771
15,18-02-2011,649993.5,0,33.06,3.42,133.3701429,7.771
15,25-02-2011,547564.09,0,20.87,3.452,133.4921429,7.771
15,04-03-2011,573374.49,0,28.16,3.605,133.6141429,7.771
15,11-03-2011,537035.28,0,34.27,3.752,133.7361429,7.771
15,18-03-2011,551553.99,0,40.23,3.796,133.8492258,7.771
15,25-03-2011,527389.28,0,32.63,3.789,133.9587419,7.771
15,01-04-2011,542556.05,0,30.34,3.811,134.0682581,7.658
15,08-04-2011,587370.81,0,40.94,3.895,134.1777742,7.658
15,15-04-2011,607691.36,0,48.63,3.981,134.2784667,7.658
15,22-04-2011,655318.26,0,41.37,4.061,134.3571,7.658
15,29-04-2011,560764.41,0,55.46,4.117,134.4357333,7.658
15,06-05-2011,630522.67,0,49.87,4.192,134.5143667,7.658
15,13-05-2011,630482.91,0,57.07,4.211,134.593,7.658
15,20-05-2011,593941.9,0,57.19,4.202,134.6803871,7.658
15,27-05-2011,636193.24,0,65.87,4.134,134.7677742,7.658
15,03-06-2011,695396.19,0,69.8,4.069,134.8551613,7.658
15,10-06-2011,642679.81,0,69.86,4.025,134.9425484,7.658
15,17-06-2011,639928.85,0,63.9,3.989,135.0837333,7.658
15,24-06-2011,656594.95,0,69.96,3.964,135.2652667,7.658
15,01-07-2011,674669.16,0,67.43,3.916,135.4468,7.806
15,08-07-2011,635118.48,0,73.47,3.886,135.6283333,7.806
15,15-07-2011,624114.56,0,73.34,3.915,135.7837419,7.806
15,22-07-2011,607475.44,0,79.97,3.972,135.8738387,7.806
15,29-07-2011,577511.02,0,74.67,4.004,135.9639355,7.806
15,05-08-2011,607961.21,0,73.63,4.02,136.0540323,7.806
15,12-08-2011,590836.37,0,70.63,3.995,136.144129,7.806
15,19-08-2011,599488.98,0,70.41,3.942,136.183129,7.806
15,26-08-2011,605413.17,0,69.19,3.906,136.2136129,7.806
15,02-09-2011,649159.68,0,67.63,3.879,136.2440968,7.806
15,09-09-2011,607593.51,1,67.59,3.93,136.2745806,7.806
15,16-09-2011,545052.34,0,62.1,3.937,136.3145,7.806
15,23-09-2011,545570.86,0,59.0,3.899,136.367,7.806
15,30-09-2011,521297.31,0,64.87,3.858,136.4195,7.806
15,07-10-2011,579068.88,0,51.24,3.775,136.472,7.866
15,14-10-2011,537300.94,0,61.3,3.744,136.5150968,7.866
15,21-10-2011,603318.89,0,51.67,3.757,136.5017742,7.866
15,28-10-2011,589842.69,0,45.54,3.757,136.4884516,7.866
15,04-11-2011,615121.78,0,43.39,3.738,136.475129,7.866
15,11-11-2011,618949.82,0,47.13,3.719,136.4618065,7.866
15,18-11-2011,597856.51,0,46.53,3.717,136.4666667,7.866
15,25-11-2011,1066478.1,1,41.1,3.689,136.4788,7.866
15,02-12-2011,699028.66,0,45.67,3.666,136.4909333,7.866
15,09-12-2011,764565.55,0,38.53,3.627,136.5030667,7.866
15,16-12-2011,870415.49,0,35.49,3.611,136.5335161,7.866
15,23-12-2011,1182691.87,0,34.93,3.587,136.5883871,7.866
15,30-12-2011,603460.79,1,31.44,3.566,136.6432581,7.866
15,06-01-2012,516087.65,0,30.24,3.585,136.698129,7.943
15,13-01-2012,454183.42,0,36.26,3.666,136.753,7.943
15,20-01-2012,492721.85,0,21.39,3.705,136.8564194,7.943
15,27-01-2012,466045.63,0,30.87,3.737,136.9598387,7.943
15,03-02-2012,523831.64,0,35.3,3.796,137.0632581,7.943
15,10-02-2012,628218.22,1,31.91,3.826,137.1666774,7.943
15,17-02-2012,598502.83,0,30.26,3.874,137.2583103,7.943
15,24-02-2012,561137.06,0,33.18,3.917,137.3411034,7.943
15,02-03-2012,541292.64,0,33.24,3.983,137.4238966,7.943
15,09-03-2012,545120.67,0,36.97,4.021,137.5066897,7.943
15,16-03-2012,570611.23,0,47.42,4.021,137.5843871,7.943
15,23-03-2012,565481.88,0,58.92,4.054,137.6552903,7.943
15,30-03-2012,557547.25,0,42.65,4.098,137.7261935,7.943
15,06-04-2012,659950.36,0,40.01,4.143,137.7970968,8.15
15,13-04-2012,558585.13,0,43.52,4.187,137.868,8.15
15,20-04-2012,534780.57,0,54.47,4.17,137.9230667,8.15
15,27-04-2012,527402.62,0,41.57,4.163,137.9781333,8.15
15,04-05-2012,577868.38,0,51.04,4.124,138.0332,8.15
15,11-05-2012,579539.95,0,54.23,4.055,138.0882667,8.15
15,18-05-2012,600050.98,0,58.84,4.029,138.1065806,8.15
15,25-05-2012,693780.42,0,67.97,3.979,138.1101935,8.15
15,01-06-2012,663971.26,0,67.61,3.915,138.1138065,8.15
15,08-06-2012,611390.67,0,59.35,3.871,138.1174194,8.15
15,15-06-2012,636737.65,0,67.7,3.786,138.1295333,8.15
15,22-06-2012,687085.6,0,74.28,3.722,138.1629,8.15
15,29-06-2012,624099.48,0,68.91,3.667,138.1962667,8.15
15,06-07-2012,678024.75,0,74.64,3.646,138.2296333,8.193
15,13-07-2012,591335.5,0,72.62,3.689,138.263,8.193
15,20-07-2012,592369.22,0,75.31,3.732,138.2331935,8.193
15,27-07-2012,571190.83,0,73.9,3.82,138.2033871,8.193
15,03-08-2012,590739.62,0,73.13,3.819,138.1735806,8.193
15,10-08-2012,590453.63,0,73.99,3.863,138.1437742,8.193
15,17-08-2012,579738.2,0,70.29,3.963,138.1857097,8.193
15,24-08-2012,606210.77,0,66.98,3.997,138.2814516,8.193
15,31-08-2012,610185.32,0,71.42,4.026,138.3771935,8.193
15,07-09-2012,587259.82,1,71.61,4.076,138.4729355,8.193
15,14-09-2012,527509.76,0,65.44,4.088,138.5673,8.193
15,21-09-2012,533161.64,0,60.34,4.203,138.6534,8.193
15,28-09-2012,553901.97,0,57.13,4.158,138.7395,8.193
15,05-10-2012,573498.64,0,59.57,4.151,138.8256,7.992
15,12-10-2012,551799.63,0,49.12,4.186,138.9117,7.992
15,19-10-2012,555652.77,0,52.89,4.153,138.8336129,7.992
15,26-10-2012,558473.6,0,55.75,4.071,138.7281613,7.992
16,05-02-2010,477409.3,0,19.79,2.58,189.3816974,7.039
16,12-02-2010,472044.28,1,20.87,2.572,189.4642725,7.039
16,19-02-2010,469868.7,0,21.13,2.55,189.5340998,7.039
16,26-02-2010,443242.17,0,18.12,2.586,189.6018023,7.039
16,05-03-2010,444181.85,0,27.92,2.62,189.6695049,7.039
16,12-03-2010,445393.74,0,28.64,2.684,189.7372075,7.039
16,19-03-2010,504307.35,0,33.45,2.692,189.734262,7.039
16,26-03-2010,483177.2,0,29.88,2.717,189.7195417,7.039
16,02-04-2010,490503.69,0,36.19,2.725,189.7048215,6.842
16,09-04-2010,424083.99,0,34.21,2.75,189.6901012,6.842
16,16-04-2010,436312.41,0,45.69,2.765,189.6628845,6.842
16,23-04-2010,370230.94,0,44.9,2.776,189.6190057,6.842
16,30-04-2010,383550.93,0,37.75,2.766,189.575127,6.842
16,07-05-2010,403217.22,0,37.43,2.771,189.5312483,6.842
16,14-05-2010,401770.9,0,41.26,2.788,189.4904116,6.842
16,21-05-2010,435300.51,0,47.34,2.776,189.467827,6.842
16,28-05-2010,479430.0,0,52.08,2.737,189.4452425,6.842
16,04-06-2010,516295.81,0,53.76,2.7,189.422658,6.842
16,11-06-2010,535587.31,0,62.63,2.684,189.4000734,6.842
16,18-06-2010,540149.85,0,52.4,2.674,189.4185259,6.842
16,25-06-2010,546554.96,0,62.37,2.715,189.4533931,6.842
16,02-07-2010,610641.42,0,64.44,2.728,189.4882603,6.868
16,09-07-2010,614253.33,0,61.79,2.711,189.5231276,6.868
16,16-07-2010,586583.69,0,67.68,2.699,189.6125456,6.868
16,23-07-2010,588344.18,0,70.67,2.691,189.774698,6.868
16,30-07-2010,562633.67,0,70.71,2.69,189.9368504,6.868
16,06-08-2010,586936.45,0,67.42,2.69,190.0990028,6.868
16,13-08-2010,543757.97,0,63.91,2.723,190.2611552,6.868
16,20-08-2010,521516.96,0,63.59,2.732,190.2948237,6.868
16,27-08-2010,581010.52,0,65.66,2.731,190.3284922,6.868
16,03-09-2010,542087.89,0,58.02,2.773,190.3621607,6.868
16,10-09-2010,537518.57,1,57.24,2.78,190.3958293,6.868
16,17-09-2010,522049.52,0,56.55,2.8,190.4688287,6.868
16,24-09-2010,511330.32,0,58.19,2.793,190.5713264,6.868
16,01-10-2010,463977.54,0,59.39,2.759,190.6738241,6.986
16,08-10-2010,442894.2,0,54.29,2.745,190.7763218,6.986
16,15-10-2010,452169.28,0,45.0,2.762,190.8623087,6.986
16,22-10-2010,541216.92,0,45.85,2.762,190.9070184,6.986
16,29-10-2010,495022.51,0,35.76,2.748,190.951728,6.986
16,05-11-2010,446905.02,0,39.94,2.729,190.9964377,6.986
16,12-11-2010,453632.76,0,34.04,2.737,191.0411474,6.986
16,19-11-2010,458634.68,0,27.26,2.758,191.0312172,6.986
16,26-11-2010,651837.77,1,23.46,2.742,191.0121805,6.986
16,03-12-2010,512260.59,0,23.68,2.712,190.9931437,6.986
16,10-12-2010,570103.64,0,32.02,2.728,190.9741069,6.986
16,17-12-2010,648652.01,0,26.01,2.778,191.0303376,6.986
16,24-12-2010,1004730.69,0,32.46,2.781,191.1430189,6.986
16,31-12-2010,575317.38,1,19.66,2.829,191.2557002,6.986
16,07-01-2011,573545.96,0,12.39,2.882,191.3683815,6.614
16,14-01-2011,470365.59,0,17.46,2.911,191.4784939,6.614
16,21-01-2011,462888.13,0,28.6,2.973,191.5731924,6.614
16,28-01-2011,448391.99,0,20.8,3.008,191.667891,6.614
16,04-02-2011,479263.15,0,13.64,3.011,191.7625895,6.614
16,11-02-2011,466806.89,1,15.02,3.037,191.8572881,6.614
16,18-02-2011,491179.79,0,27.18,3.051,191.9178331,6.614
16,25-02-2011,475201.64,0,26.15,3.101,191.9647167,6.614
16,04-03-2011,484829.07,0,31.77,3.232,192.0116004,6.614
16,11-03-2011,457504.35,0,29.36,3.372,192.058484,6.614
16,18-03-2011,497373.49,0,36.5,3.406,192.1237981,6.614
16,25-03-2011,465279.68,0,32.61,3.414,192.1964844,6.614
16,01-04-2011,459756.11,0,35.75,3.461,192.2691707,6.339
16,08-04-2011,439276.5,0,38.04,3.532,192.3418571,6.339
16,15-04-2011,427855.24,0,34.59,3.611,192.4225954,6.339
16,22-04-2011,368600.0,0,40.74,3.636,192.5234638,6.339
16,29-04-2011,378100.31,0,37.77,3.663,192.6243322,6.339
16,06-05-2011,423805.22,0,38.64,3.735,192.7252006,6.339
16,13-05-2011,410406.95,0,43.29,3.767,192.826069,6.339
16,20-05-2011,435397.19,0,43.95,3.828,192.831317,6.339
16,27-05-2011,444718.68,0,45.17,3.795,192.8365651,6.339
16,03-06-2011,531080.31,0,54.08,3.763,192.8418131,6.339
16,10-06-2011,600952.06,0,55.78,3.735,192.8470612,6.339
16,17-06-2011,581546.23,0,58.34,3.697,192.9034759,6.339
16,24-06-2011,569105.03,0,54.36,3.661,192.9982655,6.339
16,01-07-2011,608737.56,0,63.59,3.597,193.0930552,6.338
16,08-07-2011,634634.66,0,65.0,3.54,193.1878448,6.338
16,15-07-2011,586841.77,0,65.16,3.532,193.3125484,6.338
16,22-07-2011,581758.22,0,65.36,3.545,193.5120367,6.338
16,29-07-2011,582381.95,0,66.84,3.547,193.711525,6.338
16,05-08-2011,592981.33,0,63.96,3.554,193.9110133,6.338
16,12-08-2011,563884.47,0,67.09,3.542,194.1105017,6.338
16,19-08-2011,554630.42,0,68.83,3.499,194.2500634,6.338
16,26-08-2011,557312.01,0,67.51,3.485,194.3796374,6.338
16,02-09-2011,580805.33,0,63.44,3.511,194.5092113,6.338
16,09-09-2011,574622.56,1,56.99,3.566,194.6387853,6.338
16,16-09-2011,539081.09,0,53.68,3.596,194.7419707,6.338
16,23-09-2011,504856.97,0,50.39,3.581,194.8099713,6.338
16,30-09-2011,450075.31,0,57.61,3.538,194.8779718,6.338
16,07-10-2011,482926.93,0,48.91,3.498,194.9459724,6.232
16,14-10-2011,498241.06,0,39.97,3.491,195.0261012,6.232
16,21-10-2011,560104.16,0,46.99,3.548,195.1789994,6.232
16,28-10-2011,505918.21,0,41.97,3.55,195.3318977,6.232
16,04-11-2011,511059.95,0,33.43,3.527,195.4847959,6.232
16,11-11-2011,513181.31,0,29.56,3.505,195.6376941,6.232
16,18-11-2011,480353.64,0,31.73,3.479,195.7184713,6.232
16,25-11-2011,712422.4,1,31.39,3.424,195.7704,6.232
16,02-12-2011,530492.84,0,27.83,3.378,195.8223287,6.232
16,09-12-2011,574798.86,0,14.44,3.331,195.8742575,6.232
16,16-12-2011,679481.9,0,22.5,3.266,195.9841685,6.232
16,23-12-2011,950691.96,0,20.79,3.173,196.1713893,6.232
16,30-12-2011,665861.06,1,23.91,3.119,196.3586101,6.232
16,06-01-2012,564538.07,0,26.49,3.095,196.5458309,6.162
16,13-01-2012,508520.09,0,19.55,3.077,196.7330517,6.162
16,20-01-2012,474389.75,0,29.3,3.055,196.7796652,6.162
16,27-01-2012,453979.19,0,28.17,3.038,196.8262786,6.162
16,03-02-2012,475905.1,0,25.53,3.031,196.8728921,6.162
16,10-02-2012,473766.97,1,23.69,3.103,196.9195056,6.162
16,17-02-2012,494069.49,0,31.19,3.113,196.9432711,6.162
16,24-02-2012,495720.3,0,26.21,3.129,196.9499007,6.162
16,02-03-2012,464189.09,0,23.4,3.191,196.9565303,6.162
16,09-03-2012,495951.66,0,28.16,3.286,196.9631599,6.162
16,16-03-2012,520850.71,0,38.02,3.486,197.0457208,6.162
16,23-03-2012,493503.89,0,38.7,3.664,197.2295234,6.162
16,30-03-2012,485095.41,0,48.29,3.75,197.4133259,6.162
16,06-04-2012,502662.07,0,48.93,3.854,197.5971285,6.169
16,13-04-2012,450756.71,0,45.83,3.901,197.780931,6.169
16,20-04-2012,436221.26,0,43.61,3.936,197.7227385,6.169
16,27-04-2012,398445.15,0,59.69,3.927,197.664546,6.169
16,04-05-2012,426959.62,0,51.34,3.903,197.6063534,6.169
16,11-05-2012,479855.0,0,53.57,3.87,197.5481609,6.169
16,18-05-2012,493506.47,0,56.74,3.837,197.5553137,6.169
16,25-05-2012,518045.09,0,57.36,3.804,197.5886046,6.169
16,01-06-2012,532311.93,0,58.97,3.764,197.6218954,6.169
16,08-06-2012,603618.89,0,65.43,3.741,197.6551863,6.169
16,15-06-2012,570045.79,0,65.36,3.723,197.692292,6.169
16,22-06-2012,581745.72,0,70.41,3.735,197.7389345,6.169
16,29-06-2012,570162.28,0,77.31,3.693,197.785577,6.169
16,06-07-2012,641763.53,0,70.49,3.646,197.8322195,6.061
16,13-07-2012,569005.06,0,70.29,3.613,197.8788621,6.061
16,20-07-2012,565297.54,0,68.43,3.585,197.9290378,6.061
16,27-07-2012,539337.87,0,69.0,3.57,197.9792136,6.061
16,03-08-2012,584000.71,0,68.59,3.528,198.0293893,6.061
16,10-08-2012,554036.84,0,70.24,3.509,198.0795651,6.061
16,17-08-2012,521896.6,0,62.07,3.545,198.1001057,6.061
16,24-08-2012,551152.15,0,61.44,3.558,198.0984199,6.061
16,31-08-2012,551837.31,0,64.19,3.556,198.0967341,6.061
16,07-09-2012,537138.58,1,60.09,3.596,198.0950484,6.061
16,14-09-2012,526525.16,0,56.69,3.659,198.1267184,6.061
16,21-09-2012,509942.56,0,56.48,3.765,198.358523,6.061
16,28-09-2012,469607.73,0,51.4,3.789,198.5903276,6.061
16,05-10-2012,471281.68,0,50.46,3.779,198.8221322,5.847
16,12-10-2012,491817.19,0,43.26,3.76,199.0539368,5.847
16,19-10-2012,577198.97,0,40.59,3.75,199.1481963,5.847
16,26-10-2012,475770.14,0,40.99,3.686,199.2195317,5.847
17,05-02-2010,789036.02,0,23.11,2.666,126.4420645,6.548
17,12-02-2010,841951.91,1,18.36,2.671,126.4962581,6.548
17,19-02-2010,800714.0,0,25.06,2.654,126.5262857,6.548
17,26-02-2010,749549.55,0,15.64,2.667,126.5522857,6.548
17,05-03-2010,783300.05,0,31.58,2.681,126.5782857,6.548
17,12-03-2010,763961.82,0,29.71,2.733,126.6042857,6.548
17,19-03-2010,752034.52,0,33.96,2.782,126.6066452,6.548
17,26-03-2010,793097.64,0,35.59,2.819,126.6050645,6.548
17,02-04-2010,848521.17,0,36.94,2.842,126.6034839,6.635
17,09-04-2010,770228.02,0,34.05,2.877,126.6019032,6.635
17,16-04-2010,757738.76,0,45.22,2.915,126.5621,6.635
17,23-04-2010,977790.83,0,52.25,2.936,126.4713333,6.635
17,30-04-2010,807798.73,0,43.82,2.941,126.3805667,6.635
17,07-05-2010,843848.65,0,40.26,2.948,126.2898,6.635
17,14-05-2010,813756.09,0,47.28,2.962,126.2085484,6.635
17,21-05-2010,826626.5,0,53.94,2.95,126.1843871,6.635
17,28-05-2010,872817.62,0,48.19,2.908,126.1602258,6.635
17,04-06-2010,876902.87,0,53.79,2.871,126.1360645,6.635
17,11-06-2010,845252.21,0,57.14,2.841,126.1119032,6.635
17,18-06-2010,877996.27,0,54.94,2.819,126.114,6.635
17,25-06-2010,893995.44,0,62.64,2.82,126.1266,6.635
17,02-07-2010,958875.37,0,68.98,2.814,126.1392,6.697
17,09-07-2010,836915.92,0,62.41,2.802,126.1518,6.697
17,16-07-2010,876591.41,0,65.66,2.791,126.1498065,6.697
17,23-07-2010,893504.87,0,69.66,2.797,126.1283548,6.697
17,30-07-2010,833517.19,0,69.96,2.797,126.1069032,6.697
17,06-08-2010,795301.17,0,70.53,2.802,126.0854516,6.697
17,13-08-2010,759995.18,0,65.17,2.837,126.064,6.697
17,20-08-2010,783929.7,0,67.04,2.85,126.0766452,6.697
17,27-08-2010,802583.89,0,65.03,2.854,126.0892903,6.697
17,03-09-2010,834373.73,0,57.86,2.868,126.1019355,6.697
17,10-09-2010,1200888.28,1,56.28,2.87,126.1145806,6.697
17,17-09-2010,871264.25,0,58.53,2.875,126.1454667,6.697
17,24-09-2010,852876.29,0,58.39,2.872,126.1900333,6.697
17,01-10-2010,829207.27,0,60.07,2.853,126.2346,6.885
17,08-10-2010,827738.06,0,58.06,2.841,126.2791667,6.885
17,15-10-2010,838297.32,0,47.35,2.845,126.3266774,6.885
17,22-10-2010,815093.76,0,47.95,2.849,126.3815484,6.885
17,29-10-2010,861941.25,0,39.87,2.841,126.4364194,6.885
17,05-11-2010,818434.49,0,42.54,2.831,126.4912903,6.885
17,12-11-2010,855459.96,0,36.32,2.831,126.5461613,6.885
17,19-11-2010,782252.57,0,36.31,2.842,126.6072,6.885
17,26-11-2010,1005448.76,1,19.03,2.83,126.6692667,6.885
17,03-12-2010,926573.81,0,22.47,2.812,126.7313333,6.885
17,10-12-2010,962475.55,0,31.64,2.817,126.7934,6.885
17,17-12-2010,1049372.38,0,25.13,2.842,126.8794839,6.885
17,24-12-2010,1309226.79,0,26.58,2.846,126.9835806,6.885
17,31-12-2010,635862.55,1,20.79,2.868,127.0876774,6.885
17,07-01-2011,1083071.14,0,6.23,2.891,127.1917742,6.866
17,14-01-2011,758510.36,0,16.57,2.903,127.3009355,6.866
17,21-01-2011,755804.37,0,26.62,2.934,127.4404839,6.866
17,28-01-2011,736335.69,0,22.16,2.96,127.5800323,6.866
17,04-02-2011,816603.05,0,11.29,2.974,127.7195806,6.866
17,11-02-2011,813211.46,1,14.19,3.034,127.859129,6.866
17,18-02-2011,860962.91,0,26.86,3.062,127.99525,6.866
17,25-02-2011,767256.53,0,24.36,3.12,128.13,6.866
17,04-03-2011,816138.33,0,24.21,3.23,128.26475,6.866
17,11-03-2011,779602.36,0,32.42,3.346,128.3995,6.866
17,18-03-2011,778436.81,0,34.48,3.407,128.5121935,6.866
17,25-03-2011,781267.76,0,36.71,3.435,128.6160645,6.866
17,01-04-2011,795859.23,0,39.38,3.487,128.7199355,6.774
17,08-04-2011,811855.72,0,39.16,3.547,128.8238065,6.774
17,15-04-2011,825283.43,0,39.98,3.616,128.9107333,6.774
17,22-04-2011,1060770.11,0,42.24,3.655,128.9553,6.774
17,29-04-2011,806979.15,0,40.14,3.683,128.9998667,6.774
17,06-05-2011,882132.28,0,45.66,3.744,129.0444333,6.774
17,13-05-2011,870625.49,0,49.26,3.77,129.089,6.774
17,20-05-2011,844443.35,0,51.93,3.802,129.0756774,6.774
17,27-05-2011,892056.64,0,51.04,3.778,129.0623548,6.774
17,03-06-2011,895020.48,0,49.61,3.752,129.0490323,6.774
17,10-06-2011,881190.46,0,54.57,3.732,129.0357097,6.774
17,17-06-2011,894686.67,0,56.61,3.704,129.0432,6.774
17,24-06-2011,920719.98,0,60.99,3.668,129.0663,6.774
17,01-07-2011,940554.34,0,67.39,3.613,129.0894,6.745
17,08-07-2011,915064.22,0,70.6,3.563,129.1125,6.745
17,15-07-2011,902727.76,0,67.93,3.553,129.1338387,6.745
17,22-07-2011,899044.34,0,69.82,3.563,129.1507742,6.745
17,29-07-2011,861894.77,0,68.59,3.574,129.1677097,6.745
17,05-08-2011,866184.92,0,65.71,3.595,129.1846452,6.745
17,12-08-2011,800819.79,0,64.79,3.606,129.2015806,6.745
17,19-08-2011,797523.04,0,67.59,3.578,129.2405806,6.745
17,26-08-2011,837390.79,0,72.04,3.57,129.2832581,6.745
17,02-09-2011,847380.07,0,69.31,3.58,129.3259355,6.745
17,09-09-2011,1161900.18,1,61.94,3.619,129.3686129,6.745
17,16-09-2011,1051116.95,0,61.48,3.641,129.4306,6.745
17,23-09-2011,895535.31,0,56.96,3.648,129.5183333,6.745
17,30-09-2011,868191.05,0,61.4,3.623,129.6060667,6.745
17,07-10-2011,918006.9,0,54.4,3.592,129.6938,6.617
17,14-10-2011,884042.63,0,47.69,3.567,129.7706452,6.617
17,21-10-2011,877380.22,0,47.27,3.579,129.7821613,6.617
17,28-10-2011,936508.43,0,41.89,3.567,129.7936774,6.617
17,04-11-2011,927657.63,0,37.52,3.538,129.8051935,6.617
17,11-11-2011,914759.2,0,27.61,3.513,129.8167097,6.617
17,18-11-2011,877724.31,0,32.93,3.489,129.8268333,6.617
17,25-11-2011,1225700.28,1,32.81,3.445,129.8364,6.617
17,02-12-2011,945267.68,0,26.47,3.389,129.8459667,6.617
17,09-12-2011,976522.93,0,17.56,3.341,129.8555333,6.617
17,16-12-2011,1067754.06,0,21.07,3.282,129.8980645,6.617
17,23-12-2011,1289156.9,0,18.76,3.186,129.9845484,6.617
17,30-12-2011,777207.3,1,26.73,3.119,130.0710323,6.617
17,06-01-2012,1198104.22,0,27.64,3.08,130.1575161,6.403
17,13-01-2012,873576.96,0,20.28,3.056,130.244,6.403
17,20-01-2012,809272.65,0,27.26,3.047,130.2792258,6.403
17,27-01-2012,769522.33,0,29.99,3.058,130.3144516,6.403
17,03-02-2012,864852.85,0,26.26,3.077,130.3496774,6.403
17,10-02-2012,880165.7,1,23.63,3.116,130.3849032,6.403
17,17-02-2012,927084.65,0,30.76,3.119,130.4546207,6.403
17,24-02-2012,843864.43,0,30.01,3.145,130.5502069,6.403
17,02-03-2012,856178.47,0,26.28,3.242,130.6457931,6.403
17,09-03-2012,860224.98,0,32.02,3.38,130.7413793,6.403
17,16-03-2012,853136.46,0,43.69,3.529,130.8261935,6.403
17,23-03-2012,851762.28,0,40.69,3.671,130.8966452,6.403
17,30-03-2012,872469.03,0,45.29,3.734,130.9670968,6.403
17,06-04-2012,986922.62,0,43.92,3.793,131.0375484,6.235
17,13-04-2012,877055.32,0,46.94,3.833,131.108,6.235
17,20-04-2012,1119979.98,0,47.69,3.845,131.1173333,6.235
17,27-04-2012,925916.65,0,59.11,3.842,131.1266667,6.235
17,04-05-2012,930121.14,0,48.86,3.831,131.136,6.235
17,11-05-2012,944100.3,0,49.96,3.809,131.1453333,6.235
17,18-05-2012,968816.33,0,59.67,3.808,131.0983226,6.235
17,25-05-2012,984881.59,0,55.69,3.801,131.0287742,6.235
17,01-06-2012,938914.28,0,54.13,3.788,130.9592258,6.235
17,08-06-2012,987990.24,0,60.51,3.776,130.8896774,6.235
17,15-06-2012,964169.67,0,56.67,3.756,130.8295333,6.235
17,22-06-2012,981210.57,0,62.9,3.737,130.7929,6.235
17,29-06-2012,982322.24,0,71.14,3.681,130.7562667,6.235
17,06-07-2012,1046782.52,0,68.91,3.63,130.7196333,5.936
17,13-07-2012,960746.04,0,72.94,3.595,130.683,5.936
17,20-07-2012,944698.7,0,70.59,3.556,130.7012903,5.936
17,27-07-2012,907493.24,0,74.2,3.537,130.7195806,5.936
17,03-08-2012,877813.33,0,72.94,3.512,130.737871,5.936
17,10-08-2012,849074.04,0,73.29,3.509,130.7561613,5.936
17,17-08-2012,844928.17,0,70.98,3.545,130.7909677,5.936
17,24-08-2012,924299.78,0,68.89,3.582,130.8381613,5.936
17,31-08-2012,865924.2,0,68.07,3.624,130.8853548,5.936
17,07-09-2012,1255633.29,1,61.99,3.689,130.9325484,5.936
17,14-09-2012,1071040.22,0,59.64,3.749,130.9776667,5.936
17,21-09-2012,938303.28,0,58.43,3.821,131.0103333,5.936
17,28-09-2012,972716.24,0,57.77,3.821,131.043,5.936
17,05-10-2012,952609.17,0,52.81,3.815,131.0756667,5.527
17,12-10-2012,919878.34,0,44.82,3.797,131.1083333,5.527
17,19-10-2012,957356.84,0,48.16,3.781,131.1499677,5.527
17,26-10-2012,943465.29,0,39.94,3.755,131.1930968,5.527
18,05-02-2010,1205307.5,0,21.33,2.788,131.5279032,9.202
18,12-02-2010,1187880.7,1,26.41,2.771,131.5866129,9.202
18,19-02-2010,1150663.42,0,30.91,2.747,131.637,9.202
18,26-02-2010,1068157.45,0,35.42,2.753,131.686,9.202
18,05-03-2010,1179738.5,0,37.17,2.766,131.735,9.202
18,12-03-2010,1138800.32,0,42.39,2.805,131.784,9.202
18,19-03-2010,1087507.47,0,45.42,2.834,131.8242903,9.202
18,26-03-2010,1092704.09,0,47.55,2.831,131.863129,9.202
18,02-04-2010,1254107.84,0,45.63,2.826,131.9019677,9.269
18,09-04-2010,1174447.55,0,59.91,2.849,131.9408065,9.269
18,16-04-2010,1135577.62,0,50.26,2.885,131.9809,9.269
18,23-04-2010,1132433.55,0,50.3,2.895,132.0226667,9.269
18,30-04-2010,1060446.16,0,51.12,2.935,132.0644333,9.269
18,07-05-2010,1222255.47,0,65.64,2.981,132.1062,9.269
18,14-05-2010,1092616.49,0,49.9,2.983,132.152129,9.269
18,21-05-2010,1101621.36,0,60.27,2.961,132.2230323,9.269
18,28-05-2010,1256282.79,0,69.12,2.906,132.2939355,9.269
18,04-06-2010,1271311.76,0,70.28,2.857,132.3648387,9.269
18,11-06-2010,1173521.82,0,64.08,2.83,132.4357419,9.269
18,18-06-2010,1183225.92,0,65.96,2.805,132.4733333,9.269
18,25-06-2010,1220983.17,0,74.04,2.81,132.4976,9.269
18,02-07-2010,1257928.35,0,71.22,2.815,132.5218667,9.342
18,09-07-2010,1171391.41,0,79.75,2.806,132.5461333,9.342
18,16-07-2010,1115514.61,0,76.9,2.796,132.5667742,9.342
18,23-07-2010,1032908.23,0,75.71,2.784,132.5825806,9.342
18,30-07-2010,1078557.62,0,75.79,2.792,132.5983871,9.342
18,06-08-2010,1166117.85,0,73.67,2.792,132.6141935,9.342
18,13-08-2010,1084722.78,0,74.19,2.81,132.63,9.342
18,20-08-2010,1141860.67,0,71.76,2.796,132.6616129,9.342
18,27-08-2010,1214302.76,0,67.05,2.77,132.6932258,9.342
18,03-09-2010,1187359.77,0,75.42,2.735,132.7248387,9.342
18,10-09-2010,1011201.12,1,67.09,2.717,132.7564516,9.342
18,17-09-2010,997998.21,0,60.94,2.716,132.7670667,9.342
18,24-09-2010,950862.92,0,64.82,2.718,132.7619333,9.342
18,01-10-2010,948977.5,0,67.76,2.717,132.7568,9.331
18,08-10-2010,1107432.71,0,54.73,2.776,132.7516667,9.331
18,15-10-2010,1029618.1,0,52.02,2.878,132.7633548,9.331
18,22-10-2010,1052120.43,0,47.12,2.919,132.8170968,9.331
18,29-10-2010,1038576.54,0,55.85,2.938,132.8708387,9.331
18,05-11-2010,1089530.94,0,42.05,2.938,132.9245806,9.331
18,12-11-2010,1081322.12,0,43.17,2.961,132.9783226,9.331
18,19-11-2010,1045722.37,0,45.26,3.03,132.9172,9.331
18,26-11-2010,1653759.36,1,40.81,3.07,132.8369333,9.331
18,03-12-2010,1211026.13,0,37.09,3.065,132.7566667,9.331
18,10-12-2010,1416168.98,0,25.64,3.132,132.6764,9.331
18,17-12-2010,1588430.71,0,27.4,3.139,132.6804516,9.331
18,24-12-2010,2027507.15,0,28.16,3.15,132.7477419,9.331
18,31-12-2010,887907.01,1,26.1,3.177,132.8150323,9.331
18,07-01-2011,933960.3,0,30.1,3.193,132.8823226,9.131
18,14-01-2011,777175.28,0,22.69,3.215,132.9510645,9.131
18,21-01-2011,891148.55,0,22.55,3.232,133.0285161,9.131
18,28-01-2011,849540.85,0,14.84,3.243,133.1059677,9.131
18,04-02-2011,1055841.24,0,20.79,3.24,133.1834194,9.131
18,11-02-2011,1122053.58,1,24.3,3.255,133.260871,9.131
18,18-02-2011,1095058.57,0,31.59,3.263,133.3701429,9.131
18,25-02-2011,1005983.31,0,26.15,3.281,133.4921429,9.131
18,04-03-2011,1063310.62,0,28.49,3.437,133.6141429,9.131
18,11-03-2011,1002714.25,0,38.4,3.6,133.7361429,9.131
18,18-03-2011,945889.59,0,41.12,3.634,133.8492258,9.131
18,25-03-2011,944523.3,0,36.65,3.624,133.9587419,9.131
18,01-04-2011,938083.17,0,35.06,3.638,134.0682581,8.975
18,08-04-2011,1018541.3,0,43.32,3.72,134.1777742,8.975
18,15-04-2011,988157.72,0,49.91,3.823,134.2784667,8.975
18,22-04-2011,1105860.06,0,45.99,3.919,134.3571,8.975
18,29-04-2011,974114.39,0,58.82,3.988,134.4357333,8.975
18,06-05-2011,1065427.37,0,54.17,4.078,134.5143667,8.975
18,13-05-2011,993172.98,0,58.48,4.095,134.593,8.975
18,20-05-2011,994610.43,0,57.55,4.101,134.6803871,8.975
18,27-05-2011,1065214.14,0,64.6,4.034,134.7677742,8.975
18,03-06-2011,1178039.0,0,70.9,3.973,134.8551613,8.975
18,10-06-2011,1044079.2,0,69.49,3.924,134.9425484,8.975
18,17-06-2011,1045859.39,0,63.23,3.873,135.0837333,8.975
18,24-06-2011,1056478.65,0,67.41,3.851,135.2652667,8.975
18,01-07-2011,1087051.26,0,69.75,3.815,135.4468,8.89
18,08-07-2011,1048802.62,0,73.12,3.784,135.6283333,8.89
18,15-07-2011,974916.13,0,74.36,3.827,135.7837419,8.89
18,22-07-2011,991262.46,0,78.68,3.882,135.8738387,8.89
18,29-07-2011,954148.64,0,73.85,3.898,135.9639355,8.89
18,05-08-2011,1002806.39,0,74.58,3.903,136.0540323,8.89
18,12-08-2011,928470.83,0,73.57,3.88,136.144129,8.89
18,19-08-2011,932679.79,0,69.24,3.82,136.183129,8.89
18,26-08-2011,1147906.46,0,70.32,3.796,136.2136129,8.89
18,02-09-2011,540922.94,0,68.23,3.784,136.2440968,8.89
18,09-09-2011,951549.61,1,68.11,3.809,136.2745806,8.89
18,16-09-2011,845715.37,0,66.23,3.809,136.3145,8.89
18,23-09-2011,853073.17,0,60.44,3.758,136.367,8.89
18,30-09-2011,847348.08,0,69.01,3.684,136.4195,8.89
18,07-10-2011,1019741.1,0,54.65,3.633,136.472,8.471
18,14-10-2011,953533.95,0,60.26,3.583,136.5150968,8.471
18,21-10-2011,1048212.62,0,55.83,3.618,136.5017742,8.471
18,28-10-2011,1106642.63,0,45.61,3.604,136.4884516,8.471
18,04-11-2011,1100625.06,0,38.29,3.586,136.475129,8.471
18,11-11-2011,1079931.63,0,45.69,3.57,136.4618065,8.471
18,18-11-2011,1056992.18,0,47.88,3.571,136.4666667,8.471
18,25-11-2011,1624170.99,1,41.97,3.536,136.4788,8.471
18,02-12-2011,1188047.61,0,46.25,3.501,136.4909333,8.471
18,09-12-2011,1368471.23,0,42.36,3.47,136.5030667,8.471
18,16-12-2011,1516924.23,0,35.52,3.445,136.5335161,8.471
18,23-12-2011,1882393.4,0,35.78,3.413,136.5883871,8.471
18,30-12-2011,1010562.49,1,32.36,3.402,136.6432581,8.471
18,06-01-2012,977286.07,0,31.27,3.439,136.698129,8.075
18,13-01-2012,890130.25,0,35.25,3.523,136.753,8.075
18,20-01-2012,937522.77,0,24.2,3.542,136.8564194,8.075
18,27-01-2012,825584.22,0,30.44,3.568,136.9598387,8.075
18,03-02-2012,1049772.04,0,37.62,3.633,137.0632581,8.075
18,10-02-2012,1161615.51,1,32.83,3.655,137.1666774,8.075
18,17-02-2012,1115985.81,0,32.87,3.703,137.2583103,8.075
18,24-02-2012,1037861.11,0,36.34,3.751,137.3411034,8.075
18,02-03-2012,1047178.91,0,33.59,3.827,137.4238966,8.075
18,09-03-2012,1084894.47,0,38.1,3.876,137.5066897,8.075
18,16-03-2012,1022018.43,0,45.84,3.867,137.5843871,8.075
18,23-03-2012,1031139.3,0,58.06,3.889,137.6552903,8.075
18,30-03-2012,1009121.2,0,45.35,3.921,137.7261935,8.075
18,06-04-2012,1200815.3,0,43.8,3.957,137.7970968,8.304
18,13-04-2012,998443.5,0,47.75,4.025,137.868,8.304
18,20-04-2012,1025813.8,0,60.88,4.046,137.9230667,8.304
18,27-04-2012,961186.23,0,50.43,4.023,137.9781333,8.304
18,04-05-2012,1050027.89,0,49.66,3.991,138.0332,8.304
18,11-05-2012,1060433.1,0,57.44,3.947,138.0882667,8.304
18,18-05-2012,1047444.59,0,62.31,3.899,138.1065806,8.304
18,25-05-2012,1088446.58,0,65.48,3.85,138.1101935,8.304
18,01-06-2012,1118313.7,0,71.42,3.798,138.1138065,8.304
18,08-06-2012,1110479.94,0,59.1,3.746,138.1174194,8.304
18,15-06-2012,1057425.83,0,66.58,3.683,138.1295333,8.304
18,22-06-2012,1080357.89,0,70.92,3.629,138.1629,8.304
18,29-06-2012,1097006.3,0,70.17,3.577,138.1962667,8.304
18,06-07-2012,1158247.31,0,76.08,3.538,138.2296333,8.535
18,13-07-2012,1024784.92,0,75.09,3.561,138.263,8.535
18,20-07-2012,1033543.56,0,77.43,3.61,138.2331935,8.535
18,27-07-2012,924506.26,0,72.97,3.701,138.2033871,8.535
18,03-08-2012,1052066.58,0,72.67,3.698,138.1735806,8.535
18,10-08-2012,967304.07,0,75.7,3.772,138.1437742,8.535
18,17-08-2012,1048134.24,0,73.25,3.84,138.1857097,8.535
18,24-08-2012,1145840.91,0,68.52,3.874,138.2814516,8.535
18,31-08-2012,1117097.23,0,70.09,3.884,138.3771935,8.535
18,07-09-2012,1083521.24,1,71.85,3.921,138.4729355,8.535
18,14-09-2012,960476.1,0,64.45,3.988,138.5673,8.535
18,21-09-2012,971386.65,0,60.23,4.056,138.6534,8.535
18,28-09-2012,1002856.2,0,58.24,4.018,138.7395,8.535
18,05-10-2012,1092204.79,0,59.68,4.027,138.8256,8.243
18,12-10-2012,1074079.0,0,50.97,4.029,138.9117,8.243
18,19-10-2012,1048706.75,0,51.96,4.0,138.8336129,8.243
18,26-10-2012,1127516.25,0,56.09,3.917,138.7281613,8.243
